;BlockId;Condition;ConditionId;TrialId;ResultErrorOR
8;0;No Feedback;0;0;0
9;0;No Feedback;0;1;0
10;0;No Feedback;0;2;1
11;0;No Feedback;0;3;0
12;0;No Feedback;0;4;0
13;0;No Feedback;0;5;0
14;0;No Feedback;0;6;0
15;0;No Feedback;0;7;0
16;0;No Feedback;0;8;0
17;0;No Feedback;0;9;0
18;0;No Feedback;0;10;0
19;0;No Feedback;0;11;0
20;0;No Feedback;0;12;0
21;0;No Feedback;0;13;0
22;0;No Feedback;0;14;0
23;0;No Feedback;0;15;0
24;0;No Feedback;0;16;0
25;0;No Feedback;0;17;0
26;0;No Feedback;0;18;0
27;0;No Feedback;0;19;0
28;0;No Feedback;0;20;0
29;1;Combined Feedback;3;0;0
30;1;Combined Feedback;3;1;1
31;1;Combined Feedback;3;2;0
32;1;Combined Feedback;3;3;0
33;1;Combined Feedback;3;4;0
34;1;Combined Feedback;3;5;0
35;1;Combined Feedback;3;6;0
36;1;Combined Feedback;3;7;1
37;1;Combined Feedback;3;8;0
38;1;Combined Feedback;3;9;0
39;1;Combined Feedback;3;10;1
40;1;Combined Feedback;3;11;0
41;1;Combined Feedback;3;12;0
42;1;Combined Feedback;3;13;0
43;1;Combined Feedback;3;14;0
44;1;Combined Feedback;3;15;0
45;1;Combined Feedback;3;16;0
46;1;Combined Feedback;3;17;0
47;1;Combined Feedback;3;18;0
48;1;Combined Feedback;3;19;0
49;1;Combined Feedback;3;20;0
50;2;Visual Feedback;2;0;0
51;2;Visual Feedback;2;1;0
52;2;Visual Feedback;2;2;0
53;2;Visual Feedback;2;3;1
54;2;Visual Feedback;2;4;0
55;2;Visual Feedback;2;5;1
56;2;Visual Feedback;2;6;0
57;2;Visual Feedback;2;7;0
58;2;Visual Feedback;2;8;0
59;2;Visual Feedback;2;9;0
60;2;Visual Feedback;2;10;0
61;2;Visual Feedback;2;11;0
62;2;Visual Feedback;2;12;0
63;2;Visual Feedback;2;13;0
64;2;Visual Feedback;2;14;0
65;2;Visual Feedback;2;15;0
66;2;Visual Feedback;2;16;0
67;2;Visual Feedback;2;17;0
68;2;Visual Feedback;2;18;1
69;2;Visual Feedback;2;19;0
70;2;Visual Feedback;2;20;0
71;3;Tactile Feedback;1;0;0
72;3;Tactile Feedback;1;1;0
73;3;Tactile Feedback;1;2;0
74;3;Tactile Feedback;1;3;0
75;3;Tactile Feedback;1;4;0
76;3;Tactile Feedback;1;5;0
77;3;Tactile Feedback;1;6;0
78;3;Tactile Feedback;1;7;0
79;3;Tactile Feedback;1;8;0
80;3;Tactile Feedback;1;9;0
81;3;Tactile Feedback;1;10;0
82;3;Tactile Feedback;1;11;0
83;3;Tactile Feedback;1;12;0
84;3;Tactile Feedback;1;13;0
85;3;Tactile Feedback;1;14;0
86;3;Tactile Feedback;1;15;1
87;3;Tactile Feedback;1;16;0
88;3;Tactile Feedback;1;17;0
89;3;Tactile Feedback;1;18;0
90;3;Tactile Feedback;1;19;1
91;3;Tactile Feedback;1;20;0
100;0;Combined Feedback;3;0;0
101;0;Combined Feedback;3;1;0
102;0;Combined Feedback;3;2;0
103;0;Combined Feedback;3;3;0
104;0;Combined Feedback;3;4;0
105;0;Combined Feedback;3;5;0
106;0;Combined Feedback;3;6;0
107;0;Combined Feedback;3;7;0
108;0;Combined Feedback;3;8;0
109;0;Combined Feedback;3;9;0
110;0;Combined Feedback;3;10;0
111;0;Combined Feedback;3;11;0
112;0;Combined Feedback;3;12;0
113;0;Combined Feedback;3;13;0
114;0;Combined Feedback;3;14;0
115;0;Combined Feedback;3;15;0
116;0;Combined Feedback;3;16;0
117;0;Combined Feedback;3;17;0
118;0;Combined Feedback;3;18;0
119;0;Combined Feedback;3;19;0
120;0;Combined Feedback;3;20;0
121;1;Visual Feedback;2;0;0
122;1;Visual Feedback;2;1;0
123;1;Visual Feedback;2;2;0
124;1;Visual Feedback;2;3;0
125;1;Visual Feedback;2;4;0
126;1;Visual Feedback;2;5;0
127;1;Visual Feedback;2;6;0
128;1;Visual Feedback;2;7;0
129;1;Visual Feedback;2;8;0
130;1;Visual Feedback;2;9;0
131;1;Visual Feedback;2;10;0
132;1;Visual Feedback;2;11;0
133;1;Visual Feedback;2;12;0
134;1;Visual Feedback;2;13;0
135;1;Visual Feedback;2;14;0
136;1;Visual Feedback;2;15;0
137;1;Visual Feedback;2;16;0
138;1;Visual Feedback;2;17;0
139;1;Visual Feedback;2;18;0
140;1;Visual Feedback;2;19;0
141;1;Visual Feedback;2;20;0
142;2;No Feedback;0;0;0
143;2;No Feedback;0;1;0
144;2;No Feedback;0;2;0
145;2;No Feedback;0;3;0
146;2;No Feedback;0;4;0
147;2;No Feedback;0;5;0
148;2;No Feedback;0;6;0
149;2;No Feedback;0;7;0
150;2;No Feedback;0;8;0
151;2;No Feedback;0;9;0
152;2;No Feedback;0;10;0
153;2;No Feedback;0;11;0
154;2;No Feedback;0;12;0
155;2;No Feedback;0;13;0
156;2;No Feedback;0;14;0
157;2;No Feedback;0;15;0
158;2;No Feedback;0;16;0
159;2;No Feedback;0;17;0
160;2;No Feedback;0;18;0
161;2;No Feedback;0;19;0
162;2;No Feedback;0;20;0
163;3;Tactile Feedback;1;0;0
164;3;Tactile Feedback;1;1;0
165;3;Tactile Feedback;1;2;0
166;3;Tactile Feedback;1;3;0
167;3;Tactile Feedback;1;4;0
168;3;Tactile Feedback;1;5;0
169;3;Tactile Feedback;1;6;0
170;3;Tactile Feedback;1;7;0
171;3;Tactile Feedback;1;8;0
172;3;Tactile Feedback;1;9;0
173;3;Tactile Feedback;1;10;0
174;3;Tactile Feedback;1;11;0
175;3;Tactile Feedback;1;12;0
176;3;Tactile Feedback;1;13;0
177;3;Tactile Feedback;1;14;0
178;3;Tactile Feedback;1;15;0
179;3;Tactile Feedback;1;16;1
180;3;Tactile Feedback;1;17;0
181;3;Tactile Feedback;1;18;0
182;3;Tactile Feedback;1;19;0
183;3;Tactile Feedback;1;20;0
192;0;Visual Feedback;2;0;0
193;0;Visual Feedback;2;1;0
194;0;Visual Feedback;2;2;0
195;0;Visual Feedback;2;3;0
196;0;Visual Feedback;2;4;0
197;0;Visual Feedback;2;5;0
198;0;Visual Feedback;2;6;0
199;0;Visual Feedback;2;7;0
200;0;Visual Feedback;2;8;0
201;0;Visual Feedback;2;9;1
202;0;Visual Feedback;2;10;0
203;0;Visual Feedback;2;11;1
204;0;Visual Feedback;2;12;1
205;0;Visual Feedback;2;13;0
206;0;Visual Feedback;2;14;0
207;0;Visual Feedback;2;15;0
208;0;Visual Feedback;2;16;0
209;0;Visual Feedback;2;17;1
210;0;Visual Feedback;2;18;0
211;0;Visual Feedback;2;19;0
212;0;Visual Feedback;2;20;0
213;1;Tactile Feedback;1;0;0
214;1;Tactile Feedback;1;1;0
215;1;Tactile Feedback;1;2;0
216;1;Tactile Feedback;1;3;1
217;1;Tactile Feedback;1;4;1
218;1;Tactile Feedback;1;5;0
219;1;Tactile Feedback;1;6;0
220;1;Tactile Feedback;1;7;0
221;1;Tactile Feedback;1;8;0
222;1;Tactile Feedback;1;9;1
223;1;Tactile Feedback;1;10;0
224;1;Tactile Feedback;1;11;0
225;1;Tactile Feedback;1;12;0
226;1;Tactile Feedback;1;13;1
227;1;Tactile Feedback;1;14;0
228;1;Tactile Feedback;1;15;0
229;1;Tactile Feedback;1;16;0
230;1;Tactile Feedback;1;17;0
231;1;Tactile Feedback;1;18;0
232;1;Tactile Feedback;1;19;0
233;1;Tactile Feedback;1;20;0
234;2;Combined Feedback;3;0;0
235;2;Combined Feedback;3;1;0
236;2;Combined Feedback;3;2;0
237;2;Combined Feedback;3;3;0
238;2;Combined Feedback;3;4;0
239;2;Combined Feedback;3;5;0
240;2;Combined Feedback;3;6;0
241;2;Combined Feedback;3;7;0
242;2;Combined Feedback;3;8;0
243;2;Combined Feedback;3;9;0
244;2;Combined Feedback;3;10;1
245;2;Combined Feedback;3;11;0
246;2;Combined Feedback;3;12;0
247;2;Combined Feedback;3;13;0
248;2;Combined Feedback;3;14;1
249;2;Combined Feedback;3;15;0
250;2;Combined Feedback;3;16;0
251;2;Combined Feedback;3;17;0
252;2;Combined Feedback;3;18;0
253;2;Combined Feedback;3;19;0
254;2;Combined Feedback;3;20;0
255;3;No Feedback;0;0;0
256;3;No Feedback;0;1;0
257;3;No Feedback;0;2;0
258;3;No Feedback;0;3;0
259;3;No Feedback;0;4;0
260;3;No Feedback;0;5;0
261;3;No Feedback;0;6;0
262;3;No Feedback;0;7;0
263;3;No Feedback;0;8;0
264;3;No Feedback;0;9;0
265;3;No Feedback;0;10;0
266;3;No Feedback;0;11;0
267;3;No Feedback;0;12;0
268;3;No Feedback;0;13;1
269;3;No Feedback;0;14;0
270;3;No Feedback;0;15;1
271;3;No Feedback;0;16;1
272;3;No Feedback;0;17;0
273;3;No Feedback;0;18;0
274;3;No Feedback;0;19;0
275;3;No Feedback;0;20;0
284;0;Tactile Feedback;1;0;0
285;0;Tactile Feedback;1;1;1
286;0;Tactile Feedback;1;2;1
287;0;Tactile Feedback;1;3;0
288;0;Tactile Feedback;1;4;0
289;0;Tactile Feedback;1;5;0
290;0;Tactile Feedback;1;6;0
291;0;Tactile Feedback;1;7;0
292;0;Tactile Feedback;1;8;1
293;0;Tactile Feedback;1;9;0
294;0;Tactile Feedback;1;10;1
295;0;Tactile Feedback;1;11;1
296;0;Tactile Feedback;1;12;0
297;0;Tactile Feedback;1;13;0
298;0;Tactile Feedback;1;14;0
299;0;Tactile Feedback;1;15;0
300;0;Tactile Feedback;1;16;0
301;0;Tactile Feedback;1;17;0
302;0;Tactile Feedback;1;18;0
303;0;Tactile Feedback;1;19;0
304;0;Tactile Feedback;1;20;0
305;1;Visual Feedback;2;0;0
306;1;Visual Feedback;2;1;0
307;1;Visual Feedback;2;2;0
308;1;Visual Feedback;2;3;0
309;1;Visual Feedback;2;4;0
310;1;Visual Feedback;2;5;0
311;1;Visual Feedback;2;6;1
312;1;Visual Feedback;2;7;0
313;1;Visual Feedback;2;8;0
314;1;Visual Feedback;2;9;0
315;1;Visual Feedback;2;10;0
316;1;Visual Feedback;2;11;0
317;1;Visual Feedback;2;12;0
318;1;Visual Feedback;2;13;0
319;1;Visual Feedback;2;14;0
320;1;Visual Feedback;2;15;0
321;1;Visual Feedback;2;16;0
322;1;Visual Feedback;2;17;0
323;1;Visual Feedback;2;18;0
324;1;Visual Feedback;2;19;0
325;1;Visual Feedback;2;20;0
326;2;Combined Feedback;3;0;0
327;2;Combined Feedback;3;1;0
328;2;Combined Feedback;3;2;0
329;2;Combined Feedback;3;3;0
330;2;Combined Feedback;3;4;0
331;2;Combined Feedback;3;5;0
332;2;Combined Feedback;3;6;0
333;2;Combined Feedback;3;7;0
334;2;Combined Feedback;3;8;1
335;2;Combined Feedback;3;9;0
336;2;Combined Feedback;3;10;0
337;2;Combined Feedback;3;11;0
338;2;Combined Feedback;3;12;0
339;2;Combined Feedback;3;13;0
340;2;Combined Feedback;3;14;0
341;2;Combined Feedback;3;15;0
342;2;Combined Feedback;3;16;0
343;2;Combined Feedback;3;17;0
344;2;Combined Feedback;3;18;0
345;2;Combined Feedback;3;19;0
346;2;Combined Feedback;3;20;0
347;3;No Feedback;0;0;0
348;3;No Feedback;0;1;0
349;3;No Feedback;0;2;0
350;3;No Feedback;0;3;0
351;3;No Feedback;0;4;0
352;3;No Feedback;0;5;0
353;3;No Feedback;0;6;0
354;3;No Feedback;0;7;0
355;3;No Feedback;0;8;0
356;3;No Feedback;0;9;0
357;3;No Feedback;0;10;0
358;3;No Feedback;0;11;0
359;3;No Feedback;0;12;0
360;3;No Feedback;0;13;0
361;3;No Feedback;0;14;0
362;3;No Feedback;0;15;1
363;3;No Feedback;0;16;0
364;3;No Feedback;0;17;0
365;3;No Feedback;0;18;0
366;3;No Feedback;0;19;0
367;3;No Feedback;0;20;0
376;0;Visual Feedback;2;0;0
377;0;Visual Feedback;2;1;1
378;0;Visual Feedback;2;2;0
379;0;Visual Feedback;2;3;0
380;0;Visual Feedback;2;4;0
381;0;Visual Feedback;2;5;0
382;0;Visual Feedback;2;6;0
383;0;Visual Feedback;2;7;0
384;0;Visual Feedback;2;8;0
385;0;Visual Feedback;2;9;0
386;0;Visual Feedback;2;10;0
387;0;Visual Feedback;2;11;0
388;0;Visual Feedback;2;12;0
389;0;Visual Feedback;2;13;0
390;0;Visual Feedback;2;14;0
391;0;Visual Feedback;2;15;0
392;0;Visual Feedback;2;16;0
393;0;Visual Feedback;2;17;0
394;0;Visual Feedback;2;18;0
395;0;Visual Feedback;2;19;0
396;0;Visual Feedback;2;20;0
397;1;Tactile Feedback;1;0;0
398;1;Tactile Feedback;1;1;0
399;1;Tactile Feedback;1;2;0
400;1;Tactile Feedback;1;3;0
401;1;Tactile Feedback;1;4;0
402;1;Tactile Feedback;1;5;0
403;1;Tactile Feedback;1;6;0
404;1;Tactile Feedback;1;7;0
405;1;Tactile Feedback;1;8;0
406;1;Tactile Feedback;1;9;0
407;1;Tactile Feedback;1;10;0
408;1;Tactile Feedback;1;11;0
409;1;Tactile Feedback;1;12;0
410;1;Tactile Feedback;1;13;0
411;1;Tactile Feedback;1;14;0
412;1;Tactile Feedback;1;15;0
413;1;Tactile Feedback;1;16;0
414;1;Tactile Feedback;1;17;0
415;1;Tactile Feedback;1;18;0
416;1;Tactile Feedback;1;19;0
417;1;Tactile Feedback;1;20;0
418;2;Combined Feedback;3;0;0
419;2;Combined Feedback;3;1;0
420;2;Combined Feedback;3;2;0
421;2;Combined Feedback;3;3;0
422;2;Combined Feedback;3;4;0
423;2;Combined Feedback;3;5;0
424;2;Combined Feedback;3;6;0
425;2;Combined Feedback;3;7;0
426;2;Combined Feedback;3;8;0
427;2;Combined Feedback;3;9;0
428;2;Combined Feedback;3;10;0
429;2;Combined Feedback;3;11;0
430;2;Combined Feedback;3;12;0
431;2;Combined Feedback;3;13;0
432;2;Combined Feedback;3;14;0
433;2;Combined Feedback;3;15;0
434;2;Combined Feedback;3;16;0
435;2;Combined Feedback;3;17;0
436;2;Combined Feedback;3;18;0
437;2;Combined Feedback;3;19;0
438;2;Combined Feedback;3;20;0
439;3;No Feedback;0;0;0
440;3;No Feedback;0;1;0
441;3;No Feedback;0;2;0
442;3;No Feedback;0;3;0
443;3;No Feedback;0;4;0
444;3;No Feedback;0;5;0
445;3;No Feedback;0;6;0
446;3;No Feedback;0;7;0
447;3;No Feedback;0;8;0
448;3;No Feedback;0;9;0
449;3;No Feedback;0;10;0
450;3;No Feedback;0;11;0
451;3;No Feedback;0;12;0
452;3;No Feedback;0;13;0
453;3;No Feedback;0;14;0
454;3;No Feedback;0;15;0
455;3;No Feedback;0;16;0
456;3;No Feedback;0;17;0
457;3;No Feedback;0;18;0
458;3;No Feedback;0;19;0
459;3;No Feedback;0;20;0
468;0;Tactile Feedback;1;0;0
469;0;Tactile Feedback;1;1;0
470;0;Tactile Feedback;1;2;0
471;0;Tactile Feedback;1;3;0
472;0;Tactile Feedback;1;4;0
473;0;Tactile Feedback;1;5;0
474;0;Tactile Feedback;1;6;0
475;0;Tactile Feedback;1;7;0
476;0;Tactile Feedback;1;8;0
477;0;Tactile Feedback;1;9;0
478;0;Tactile Feedback;1;10;0
479;0;Tactile Feedback;1;11;0
480;0;Tactile Feedback;1;12;0
481;0;Tactile Feedback;1;13;0
482;0;Tactile Feedback;1;14;0
483;0;Tactile Feedback;1;15;0
484;0;Tactile Feedback;1;16;0
485;0;Tactile Feedback;1;17;0
486;0;Tactile Feedback;1;18;0
487;0;Tactile Feedback;1;19;0
488;0;Tactile Feedback;1;20;0
489;1;Visual Feedback;2;0;0
490;1;Visual Feedback;2;1;0
491;1;Visual Feedback;2;2;0
492;1;Visual Feedback;2;3;1
493;1;Visual Feedback;2;4;0
494;1;Visual Feedback;2;5;0
495;1;Visual Feedback;2;6;0
496;1;Visual Feedback;2;7;0
497;1;Visual Feedback;2;8;0
498;1;Visual Feedback;2;9;0
499;1;Visual Feedback;2;10;0
500;1;Visual Feedback;2;11;0
501;1;Visual Feedback;2;12;0
502;1;Visual Feedback;2;13;0
503;1;Visual Feedback;2;14;0
504;1;Visual Feedback;2;15;0
505;1;Visual Feedback;2;16;0
506;1;Visual Feedback;2;17;0
507;1;Visual Feedback;2;18;0
508;1;Visual Feedback;2;19;0
509;1;Visual Feedback;2;20;0
510;2;No Feedback;0;0;0
511;2;No Feedback;0;1;0
512;2;No Feedback;0;2;0
513;2;No Feedback;0;3;0
514;2;No Feedback;0;4;0
515;2;No Feedback;0;5;0
516;2;No Feedback;0;6;0
517;2;No Feedback;0;7;0
518;2;No Feedback;0;8;0
519;2;No Feedback;0;9;0
520;2;No Feedback;0;10;0
521;2;No Feedback;0;11;0
522;2;No Feedback;0;12;1
523;2;No Feedback;0;13;0
524;2;No Feedback;0;14;0
525;2;No Feedback;0;15;0
526;2;No Feedback;0;16;0
527;2;No Feedback;0;17;0
528;2;No Feedback;0;18;0
529;2;No Feedback;0;19;0
530;2;No Feedback;0;20;0
531;3;Combined Feedback;3;0;0
532;3;Combined Feedback;3;1;0
533;3;Combined Feedback;3;2;0
534;3;Combined Feedback;3;3;0
535;3;Combined Feedback;3;4;0
536;3;Combined Feedback;3;5;0
537;3;Combined Feedback;3;6;0
538;3;Combined Feedback;3;7;0
539;3;Combined Feedback;3;8;0
540;3;Combined Feedback;3;9;0
541;3;Combined Feedback;3;10;0
542;3;Combined Feedback;3;11;0
543;3;Combined Feedback;3;12;0
544;3;Combined Feedback;3;13;1
545;3;Combined Feedback;3;14;0
546;3;Combined Feedback;3;15;0
547;3;Combined Feedback;3;16;0
548;3;Combined Feedback;3;17;0
549;3;Combined Feedback;3;18;0
550;3;Combined Feedback;3;19;0
551;3;Combined Feedback;3;20;0
560;0;Combined Feedback;3;0;0
561;0;Combined Feedback;3;1;0
562;0;Combined Feedback;3;2;0
563;0;Combined Feedback;3;3;0
564;0;Combined Feedback;3;4;0
565;0;Combined Feedback;3;5;0
566;0;Combined Feedback;3;6;0
567;0;Combined Feedback;3;7;0
568;0;Combined Feedback;3;8;0
569;0;Combined Feedback;3;9;0
570;0;Combined Feedback;3;10;0
571;0;Combined Feedback;3;11;0
572;0;Combined Feedback;3;12;0
573;0;Combined Feedback;3;13;0
574;0;Combined Feedback;3;14;0
575;0;Combined Feedback;3;15;0
576;0;Combined Feedback;3;16;0
577;0;Combined Feedback;3;17;0
578;0;Combined Feedback;3;18;0
579;0;Combined Feedback;3;19;1
580;0;Combined Feedback;3;20;0
581;1;No Feedback;0;0;0
582;1;No Feedback;0;1;0
583;1;No Feedback;0;2;0
584;1;No Feedback;0;3;0
585;1;No Feedback;0;4;0
586;1;No Feedback;0;5;0
587;1;No Feedback;0;6;0
588;1;No Feedback;0;7;0
589;1;No Feedback;0;8;0
590;1;No Feedback;0;9;0
591;1;No Feedback;0;10;0
592;1;No Feedback;0;11;0
593;1;No Feedback;0;12;0
594;1;No Feedback;0;13;0
595;1;No Feedback;0;14;0
596;1;No Feedback;0;15;0
597;1;No Feedback;0;16;0
598;1;No Feedback;0;17;0
599;1;No Feedback;0;18;0
600;1;No Feedback;0;19;0
601;1;No Feedback;0;20;0
602;2;Visual Feedback;2;0;0
603;2;Visual Feedback;2;1;0
604;2;Visual Feedback;2;2;0
605;2;Visual Feedback;2;3;0
606;2;Visual Feedback;2;4;0
607;2;Visual Feedback;2;5;0
608;2;Visual Feedback;2;6;0
609;2;Visual Feedback;2;7;0
610;2;Visual Feedback;2;8;0
611;2;Visual Feedback;2;9;0
612;2;Visual Feedback;2;10;0
613;2;Visual Feedback;2;11;0
614;2;Visual Feedback;2;12;0
615;2;Visual Feedback;2;13;0
616;2;Visual Feedback;2;14;0
617;2;Visual Feedback;2;15;0
618;2;Visual Feedback;2;16;0
619;2;Visual Feedback;2;17;0
620;2;Visual Feedback;2;18;0
621;2;Visual Feedback;2;19;1
622;2;Visual Feedback;2;20;0
623;3;Tactile Feedback;1;0;0
624;3;Tactile Feedback;1;1;0
625;3;Tactile Feedback;1;2;0
626;3;Tactile Feedback;1;3;0
627;3;Tactile Feedback;1;4;0
628;3;Tactile Feedback;1;5;0
629;3;Tactile Feedback;1;6;0
630;3;Tactile Feedback;1;7;0
631;3;Tactile Feedback;1;8;0
632;3;Tactile Feedback;1;9;0
633;3;Tactile Feedback;1;10;0
634;3;Tactile Feedback;1;11;0
635;3;Tactile Feedback;1;12;0
636;3;Tactile Feedback;1;13;0
637;3;Tactile Feedback;1;14;0
638;3;Tactile Feedback;1;15;0
639;3;Tactile Feedback;1;16;0
640;3;Tactile Feedback;1;17;0
641;3;Tactile Feedback;1;18;0
642;3;Tactile Feedback;1;19;0
643;3;Tactile Feedback;1;20;0
652;0;No Feedback;0;0;0
653;0;No Feedback;0;1;0
654;0;No Feedback;0;2;0
655;0;No Feedback;0;3;0
656;0;No Feedback;0;4;0
657;0;No Feedback;0;5;0
658;0;No Feedback;0;6;0
659;0;No Feedback;0;7;0
660;0;No Feedback;0;8;0
661;0;No Feedback;0;9;0
662;0;No Feedback;0;10;0
663;0;No Feedback;0;11;1
664;0;No Feedback;0;12;0
665;0;No Feedback;0;13;0
666;0;No Feedback;0;14;0
667;0;No Feedback;0;15;0
668;0;No Feedback;0;16;1
669;0;No Feedback;0;17;0
670;0;No Feedback;0;18;0
671;0;No Feedback;0;19;0
672;0;No Feedback;0;20;0
673;1;Tactile Feedback;1;0;0
674;1;Tactile Feedback;1;1;0
675;1;Tactile Feedback;1;2;0
676;1;Tactile Feedback;1;3;0
677;1;Tactile Feedback;1;4;0
678;1;Tactile Feedback;1;5;0
679;1;Tactile Feedback;1;6;0
680;1;Tactile Feedback;1;7;0
681;1;Tactile Feedback;1;8;0
682;1;Tactile Feedback;1;9;0
683;1;Tactile Feedback;1;10;0
684;1;Tactile Feedback;1;11;0
685;1;Tactile Feedback;1;12;0
686;1;Tactile Feedback;1;13;0
687;1;Tactile Feedback;1;14;0
688;1;Tactile Feedback;1;15;0
689;1;Tactile Feedback;1;16;0
690;1;Tactile Feedback;1;17;0
691;1;Tactile Feedback;1;18;0
692;1;Tactile Feedback;1;19;0
693;1;Tactile Feedback;1;20;0
694;2;Visual Feedback;2;0;0
695;2;Visual Feedback;2;1;0
696;2;Visual Feedback;2;2;0
697;2;Visual Feedback;2;3;0
698;2;Visual Feedback;2;4;0
699;2;Visual Feedback;2;5;0
700;2;Visual Feedback;2;6;0
701;2;Visual Feedback;2;7;0
702;2;Visual Feedback;2;8;0
703;2;Visual Feedback;2;9;0
704;2;Visual Feedback;2;10;0
705;2;Visual Feedback;2;11;0
706;2;Visual Feedback;2;12;0
707;2;Visual Feedback;2;13;0
708;2;Visual Feedback;2;14;0
709;2;Visual Feedback;2;15;0
710;2;Visual Feedback;2;16;0
711;2;Visual Feedback;2;17;0
712;2;Visual Feedback;2;18;0
713;2;Visual Feedback;2;19;0
714;2;Visual Feedback;2;20;0
715;3;Combined Feedback;3;0;0
716;3;Combined Feedback;3;1;0
717;3;Combined Feedback;3;2;0
718;3;Combined Feedback;3;3;0
719;3;Combined Feedback;3;4;0
720;3;Combined Feedback;3;5;0
721;3;Combined Feedback;3;6;0
722;3;Combined Feedback;3;7;0
723;3;Combined Feedback;3;8;0
724;3;Combined Feedback;3;9;0
725;3;Combined Feedback;3;10;0
726;3;Combined Feedback;3;11;0
727;3;Combined Feedback;3;12;0
728;3;Combined Feedback;3;13;0
729;3;Combined Feedback;3;14;0
730;3;Combined Feedback;3;15;0
731;3;Combined Feedback;3;16;0
732;3;Combined Feedback;3;17;0
733;3;Combined Feedback;3;18;1
734;3;Combined Feedback;3;19;0
735;3;Combined Feedback;3;20;0
744;0;Tactile Feedback;1;0;0
745;0;Tactile Feedback;1;1;0
746;0;Tactile Feedback;1;2;0
747;0;Tactile Feedback;1;3;1
748;0;Tactile Feedback;1;4;0
749;0;Tactile Feedback;1;5;0
750;0;Tactile Feedback;1;6;0
751;0;Tactile Feedback;1;7;0
752;0;Tactile Feedback;1;8;0
753;0;Tactile Feedback;1;9;0
754;0;Tactile Feedback;1;10;0
755;0;Tactile Feedback;1;11;0
756;0;Tactile Feedback;1;12;0
757;0;Tactile Feedback;1;13;0
758;0;Tactile Feedback;1;14;0
759;0;Tactile Feedback;1;15;1
760;0;Tactile Feedback;1;16;0
761;0;Tactile Feedback;1;17;0
762;0;Tactile Feedback;1;18;0
763;0;Tactile Feedback;1;19;0
764;0;Tactile Feedback;1;20;0
765;1;Visual Feedback;2;0;0
766;1;Visual Feedback;2;1;0
767;1;Visual Feedback;2;2;0
768;1;Visual Feedback;2;3;0
769;1;Visual Feedback;2;4;0
770;1;Visual Feedback;2;5;0
771;1;Visual Feedback;2;6;0
772;1;Visual Feedback;2;7;1
773;1;Visual Feedback;2;8;0
774;1;Visual Feedback;2;9;0
775;1;Visual Feedback;2;10;0
776;1;Visual Feedback;2;11;0
777;1;Visual Feedback;2;12;0
778;1;Visual Feedback;2;13;0
779;1;Visual Feedback;2;14;0
780;1;Visual Feedback;2;15;0
781;1;Visual Feedback;2;16;0
782;1;Visual Feedback;2;17;0
783;1;Visual Feedback;2;18;0
784;1;Visual Feedback;2;19;0
785;1;Visual Feedback;2;20;0
786;2;Combined Feedback;3;0;0
787;2;Combined Feedback;3;1;0
788;2;Combined Feedback;3;2;0
789;2;Combined Feedback;3;3;0
790;2;Combined Feedback;3;4;0
791;2;Combined Feedback;3;5;0
792;2;Combined Feedback;3;6;0
793;2;Combined Feedback;3;7;0
794;2;Combined Feedback;3;8;0
795;2;Combined Feedback;3;9;0
796;2;Combined Feedback;3;10;0
797;2;Combined Feedback;3;11;0
798;2;Combined Feedback;3;12;0
799;2;Combined Feedback;3;13;0
800;2;Combined Feedback;3;14;0
801;2;Combined Feedback;3;15;0
802;2;Combined Feedback;3;16;0
803;2;Combined Feedback;3;17;0
804;2;Combined Feedback;3;18;0
805;2;Combined Feedback;3;19;0
806;2;Combined Feedback;3;20;0
807;3;No Feedback;0;0;0
808;3;No Feedback;0;1;0
809;3;No Feedback;0;2;0
810;3;No Feedback;0;3;0
811;3;No Feedback;0;4;0
812;3;No Feedback;0;5;0
813;3;No Feedback;0;6;0
814;3;No Feedback;0;7;0
815;3;No Feedback;0;8;0
816;3;No Feedback;0;9;0
817;3;No Feedback;0;10;1
818;3;No Feedback;0;11;0
819;3;No Feedback;0;12;0
820;3;No Feedback;0;13;0
821;3;No Feedback;0;14;0
822;3;No Feedback;0;15;0
823;3;No Feedback;0;16;1
824;3;No Feedback;0;17;0
825;3;No Feedback;0;18;0
826;3;No Feedback;0;19;0
827;3;No Feedback;0;20;0
836;0;Combined Feedback;3;0;0
837;0;Combined Feedback;3;1;0
838;0;Combined Feedback;3;2;0
839;0;Combined Feedback;3;3;0
840;0;Combined Feedback;3;4;0
841;0;Combined Feedback;3;5;0
842;0;Combined Feedback;3;6;0
843;0;Combined Feedback;3;7;0
844;0;Combined Feedback;3;8;0
845;0;Combined Feedback;3;9;0
846;0;Combined Feedback;3;10;0
847;0;Combined Feedback;3;11;0
848;0;Combined Feedback;3;12;0
849;0;Combined Feedback;3;13;0
850;0;Combined Feedback;3;14;0
851;0;Combined Feedback;3;15;0
852;0;Combined Feedback;3;16;0
853;0;Combined Feedback;3;17;0
854;0;Combined Feedback;3;18;0
855;0;Combined Feedback;3;19;0
856;0;Combined Feedback;3;20;0
857;1;No Feedback;0;0;0
858;1;No Feedback;0;1;0
859;1;No Feedback;0;2;0
860;1;No Feedback;0;3;0
861;1;No Feedback;0;4;0
862;1;No Feedback;0;5;0
863;1;No Feedback;0;6;0
864;1;No Feedback;0;7;0
865;1;No Feedback;0;8;0
866;1;No Feedback;0;9;0
867;1;No Feedback;0;10;0
868;1;No Feedback;0;11;0
869;1;No Feedback;0;12;0
870;1;No Feedback;0;13;0
871;1;No Feedback;0;14;0
872;1;No Feedback;0;15;0
873;1;No Feedback;0;16;0
874;1;No Feedback;0;17;0
875;1;No Feedback;0;18;0
876;1;No Feedback;0;19;0
877;1;No Feedback;0;20;0
878;2;Tactile Feedback;1;0;0
879;2;Tactile Feedback;1;1;0
880;2;Tactile Feedback;1;2;0
881;2;Tactile Feedback;1;3;0
882;2;Tactile Feedback;1;4;0
883;2;Tactile Feedback;1;5;0
884;2;Tactile Feedback;1;6;0
885;2;Tactile Feedback;1;7;0
886;2;Tactile Feedback;1;8;0
887;2;Tactile Feedback;1;9;0
888;2;Tactile Feedback;1;10;0
889;2;Tactile Feedback;1;11;0
890;2;Tactile Feedback;1;12;0
891;2;Tactile Feedback;1;13;0
892;2;Tactile Feedback;1;14;0
893;2;Tactile Feedback;1;15;0
894;2;Tactile Feedback;1;16;0
895;2;Tactile Feedback;1;17;0
896;2;Tactile Feedback;1;18;0
897;2;Tactile Feedback;1;19;0
898;2;Tactile Feedback;1;20;0
899;3;Visual Feedback;2;0;0
900;3;Visual Feedback;2;1;0
901;3;Visual Feedback;2;2;0
902;3;Visual Feedback;2;3;0
903;3;Visual Feedback;2;4;0
904;3;Visual Feedback;2;5;0
905;3;Visual Feedback;2;6;0
906;3;Visual Feedback;2;7;0
907;3;Visual Feedback;2;8;0
908;3;Visual Feedback;2;9;0
909;3;Visual Feedback;2;10;0
910;3;Visual Feedback;2;11;0
911;3;Visual Feedback;2;12;0
912;3;Visual Feedback;2;13;0
913;3;Visual Feedback;2;14;0
914;3;Visual Feedback;2;15;0
915;3;Visual Feedback;2;16;0
916;3;Visual Feedback;2;17;0
917;3;Visual Feedback;2;18;0
918;3;Visual Feedback;2;19;0
919;3;Visual Feedback;2;20;0
928;0;Tactile Feedback;1;0;0
929;0;Tactile Feedback;1;1;0
930;0;Tactile Feedback;1;2;0
931;0;Tactile Feedback;1;3;0
932;0;Tactile Feedback;1;4;0
933;0;Tactile Feedback;1;5;0
934;0;Tactile Feedback;1;6;0
935;0;Tactile Feedback;1;7;0
936;0;Tactile Feedback;1;8;0
937;0;Tactile Feedback;1;9;0
938;0;Tactile Feedback;1;10;0
939;0;Tactile Feedback;1;11;0
940;0;Tactile Feedback;1;12;0
941;0;Tactile Feedback;1;13;0
942;0;Tactile Feedback;1;14;0
943;0;Tactile Feedback;1;15;0
944;0;Tactile Feedback;1;16;0
945;0;Tactile Feedback;1;17;0
946;0;Tactile Feedback;1;18;1
947;0;Tactile Feedback;1;19;0
948;0;Tactile Feedback;1;20;0
949;1;No Feedback;0;0;0
950;1;No Feedback;0;1;0
951;1;No Feedback;0;2;1
952;1;No Feedback;0;3;0
953;1;No Feedback;0;4;0
954;1;No Feedback;0;5;0
955;1;No Feedback;0;6;0
956;1;No Feedback;0;7;0
957;1;No Feedback;0;8;0
958;1;No Feedback;0;9;1
959;1;No Feedback;0;10;1
960;1;No Feedback;0;11;0
961;1;No Feedback;0;12;0
962;1;No Feedback;0;13;0
963;1;No Feedback;0;14;0
964;1;No Feedback;0;15;1
965;1;No Feedback;0;16;0
966;1;No Feedback;0;17;0
967;1;No Feedback;0;18;0
968;1;No Feedback;0;19;0
969;1;No Feedback;0;20;0
970;2;Visual Feedback;2;0;0
971;2;Visual Feedback;2;1;0
972;2;Visual Feedback;2;2;0
973;2;Visual Feedback;2;3;0
974;2;Visual Feedback;2;4;0
975;2;Visual Feedback;2;5;0
976;2;Visual Feedback;2;6;0
977;2;Visual Feedback;2;7;0
978;2;Visual Feedback;2;8;0
979;2;Visual Feedback;2;9;0
980;2;Visual Feedback;2;10;0
981;2;Visual Feedback;2;11;0
982;2;Visual Feedback;2;12;0
983;2;Visual Feedback;2;13;0
984;2;Visual Feedback;2;14;0
985;2;Visual Feedback;2;15;0
986;2;Visual Feedback;2;16;0
987;2;Visual Feedback;2;17;0
988;2;Visual Feedback;2;18;0
989;2;Visual Feedback;2;19;0
990;2;Visual Feedback;2;20;0
991;3;Combined Feedback;3;0;0
992;3;Combined Feedback;3;1;0
993;3;Combined Feedback;3;2;0
994;3;Combined Feedback;3;3;0
995;3;Combined Feedback;3;4;0
996;3;Combined Feedback;3;5;0
997;3;Combined Feedback;3;6;0
998;3;Combined Feedback;3;7;0
999;3;Combined Feedback;3;8;0
1000;3;Combined Feedback;3;9;0
1001;3;Combined Feedback;3;10;0
1002;3;Combined Feedback;3;11;0
1003;3;Combined Feedback;3;12;0
1004;3;Combined Feedback;3;13;0
1005;3;Combined Feedback;3;14;0
1006;3;Combined Feedback;3;15;0
1007;3;Combined Feedback;3;16;0
1008;3;Combined Feedback;3;17;0
1009;3;Combined Feedback;3;18;0
1010;3;Combined Feedback;3;19;0
1011;3;Combined Feedback;3;20;0
1020;0;Visual Feedback;2;0;0
1021;0;Visual Feedback;2;1;0
1022;0;Visual Feedback;2;2;0
1023;0;Visual Feedback;2;3;0
1024;0;Visual Feedback;2;4;0
1025;0;Visual Feedback;2;5;0
1026;0;Visual Feedback;2;6;1
1027;0;Visual Feedback;2;7;0
1028;0;Visual Feedback;2;8;1
1029;0;Visual Feedback;2;9;0
1030;0;Visual Feedback;2;10;0
1031;0;Visual Feedback;2;11;0
1032;0;Visual Feedback;2;12;1
1033;0;Visual Feedback;2;13;0
1034;0;Visual Feedback;2;14;0
1035;0;Visual Feedback;2;15;0
1036;0;Visual Feedback;2;16;0
1037;0;Visual Feedback;2;17;0
1038;0;Visual Feedback;2;18;1
1039;0;Visual Feedback;2;19;0
1040;0;Visual Feedback;2;20;0
1041;1;Tactile Feedback;1;0;1
1042;1;Tactile Feedback;1;1;0
1043;1;Tactile Feedback;1;2;0
1044;1;Tactile Feedback;1;3;0
1045;1;Tactile Feedback;1;4;0
1046;1;Tactile Feedback;1;5;1
1047;1;Tactile Feedback;1;6;0
1048;1;Tactile Feedback;1;7;1
1049;1;Tactile Feedback;1;8;1
1050;1;Tactile Feedback;1;9;0
1051;1;Tactile Feedback;1;10;0
1052;1;Tactile Feedback;1;11;0
1053;1;Tactile Feedback;1;12;1
1054;1;Tactile Feedback;1;13;0
1055;1;Tactile Feedback;1;14;1
1056;1;Tactile Feedback;1;15;0
1057;1;Tactile Feedback;1;16;1
1058;1;Tactile Feedback;1;17;0
1059;1;Tactile Feedback;1;18;0
1060;1;Tactile Feedback;1;19;1
1061;1;Tactile Feedback;1;20;0
1062;2;Combined Feedback;3;0;0
1063;2;Combined Feedback;3;1;0
1064;2;Combined Feedback;3;2;0
1065;2;Combined Feedback;3;3;0
1066;2;Combined Feedback;3;4;0
1067;2;Combined Feedback;3;5;0
1068;2;Combined Feedback;3;6;0
1069;2;Combined Feedback;3;7;0
1070;2;Combined Feedback;3;8;0
1071;2;Combined Feedback;3;9;0
1072;2;Combined Feedback;3;10;0
1073;2;Combined Feedback;3;11;0
1074;2;Combined Feedback;3;12;0
1075;2;Combined Feedback;3;13;0
1076;2;Combined Feedback;3;14;0
1077;2;Combined Feedback;3;15;0
1078;2;Combined Feedback;3;16;0
1079;2;Combined Feedback;3;17;0
1080;2;Combined Feedback;3;18;0
1081;2;Combined Feedback;3;19;0
1082;2;Combined Feedback;3;20;0
1083;3;No Feedback;0;0;1
1084;3;No Feedback;0;1;0
1085;3;No Feedback;0;2;0
1086;3;No Feedback;0;3;0
1087;3;No Feedback;0;4;1
1088;3;No Feedback;0;5;0
1089;3;No Feedback;0;6;0
1090;3;No Feedback;0;7;0
1091;3;No Feedback;0;8;0
1092;3;No Feedback;0;9;0
1093;3;No Feedback;0;10;0
1094;3;No Feedback;0;11;0
1095;3;No Feedback;0;12;0
1096;3;No Feedback;0;13;0
1097;3;No Feedback;0;14;0
1098;3;No Feedback;0;15;0
1099;3;No Feedback;0;16;0
1100;3;No Feedback;0;17;0
1101;3;No Feedback;0;18;0
1102;3;No Feedback;0;19;1
1103;3;No Feedback;0;20;0
1112;0;Visual Feedback;2;0;0
1113;0;Visual Feedback;2;1;0
1114;0;Visual Feedback;2;2;0
1115;0;Visual Feedback;2;3;0
1116;0;Visual Feedback;2;4;0
1117;0;Visual Feedback;2;5;0
1118;0;Visual Feedback;2;6;0
1119;0;Visual Feedback;2;7;0
1120;0;Visual Feedback;2;8;0
1121;0;Visual Feedback;2;9;0
1122;0;Visual Feedback;2;10;0
1123;0;Visual Feedback;2;11;0
1124;0;Visual Feedback;2;12;0
1125;0;Visual Feedback;2;13;0
1126;0;Visual Feedback;2;14;0
1127;0;Visual Feedback;2;15;0
1128;0;Visual Feedback;2;16;0
1129;0;Visual Feedback;2;17;0
1130;0;Visual Feedback;2;18;0
1131;0;Visual Feedback;2;19;0
1132;0;Visual Feedback;2;20;1
1133;1;No Feedback;0;0;0
1134;1;No Feedback;0;1;0
1135;1;No Feedback;0;2;0
1136;1;No Feedback;0;3;0
1137;1;No Feedback;0;4;0
1138;1;No Feedback;0;5;0
1139;1;No Feedback;0;6;0
1140;1;No Feedback;0;7;0
1141;1;No Feedback;0;8;0
1142;1;No Feedback;0;9;0
1143;1;No Feedback;0;10;0
1144;1;No Feedback;0;11;1
1145;1;No Feedback;0;12;0
1146;1;No Feedback;0;13;0
1147;1;No Feedback;0;14;0
1148;1;No Feedback;0;15;0
1149;1;No Feedback;0;16;0
1150;1;No Feedback;0;17;0
1151;1;No Feedback;0;18;0
1152;1;No Feedback;0;19;0
1153;1;No Feedback;0;20;0
1154;2;Combined Feedback;3;0;0
1155;2;Combined Feedback;3;1;0
1156;2;Combined Feedback;3;2;0
1157;2;Combined Feedback;3;3;0
1158;2;Combined Feedback;3;4;0
1159;2;Combined Feedback;3;5;0
1160;2;Combined Feedback;3;6;0
1161;2;Combined Feedback;3;7;0
1162;2;Combined Feedback;3;8;0
1163;2;Combined Feedback;3;9;0
1164;2;Combined Feedback;3;10;0
1165;2;Combined Feedback;3;11;0
1166;2;Combined Feedback;3;12;0
1167;2;Combined Feedback;3;13;0
1168;2;Combined Feedback;3;14;0
1169;2;Combined Feedback;3;15;0
1170;2;Combined Feedback;3;16;0
1171;2;Combined Feedback;3;17;0
1172;2;Combined Feedback;3;18;0
1173;2;Combined Feedback;3;19;0
1174;2;Combined Feedback;3;20;0
1175;3;Tactile Feedback;1;0;0
1176;3;Tactile Feedback;1;1;0
1177;3;Tactile Feedback;1;2;0
1178;3;Tactile Feedback;1;3;0
1179;3;Tactile Feedback;1;4;0
1180;3;Tactile Feedback;1;5;0
1181;3;Tactile Feedback;1;6;0
1182;3;Tactile Feedback;1;7;0
1183;3;Tactile Feedback;1;8;1
1184;3;Tactile Feedback;1;9;0
1185;3;Tactile Feedback;1;10;0
1186;3;Tactile Feedback;1;11;0
1187;3;Tactile Feedback;1;12;0
1188;3;Tactile Feedback;1;13;0
1189;3;Tactile Feedback;1;14;1
1190;3;Tactile Feedback;1;15;0
1191;3;Tactile Feedback;1;16;0
1192;3;Tactile Feedback;1;17;0
1193;3;Tactile Feedback;1;18;0
1194;3;Tactile Feedback;1;19;0
1195;3;Tactile Feedback;1;20;0
1204;0;No Feedback;0;0;0
1205;0;No Feedback;0;1;0
1206;0;No Feedback;0;2;1
1207;0;No Feedback;0;3;0
1208;0;No Feedback;0;4;0
1209;0;No Feedback;0;5;0
1210;0;No Feedback;0;6;1
1211;0;No Feedback;0;7;0
1212;0;No Feedback;0;8;1
1213;0;No Feedback;0;9;0
1214;0;No Feedback;0;10;0
1215;0;No Feedback;0;11;0
1216;0;No Feedback;0;12;0
1217;0;No Feedback;0;13;0
1218;0;No Feedback;0;14;0
1219;0;No Feedback;0;15;0
1220;0;No Feedback;0;16;0
1221;0;No Feedback;0;17;0
1222;0;No Feedback;0;18;0
1223;0;No Feedback;0;19;0
1224;0;No Feedback;0;20;0
1225;1;Tactile Feedback;1;0;0
1226;1;Tactile Feedback;1;1;0
1227;1;Tactile Feedback;1;2;0
1228;1;Tactile Feedback;1;3;0
1229;1;Tactile Feedback;1;4;0
1230;1;Tactile Feedback;1;5;1
1231;1;Tactile Feedback;1;6;0
1232;1;Tactile Feedback;1;7;1
1233;1;Tactile Feedback;1;8;0
1234;1;Tactile Feedback;1;9;0
1235;1;Tactile Feedback;1;10;1
1236;1;Tactile Feedback;1;11;0
1237;1;Tactile Feedback;1;12;0
1238;1;Tactile Feedback;1;13;0
1239;1;Tactile Feedback;1;14;0
1240;1;Tactile Feedback;1;15;0
1241;1;Tactile Feedback;1;16;0
1242;1;Tactile Feedback;1;17;0
1243;1;Tactile Feedback;1;18;0
1244;1;Tactile Feedback;1;19;0
1245;1;Tactile Feedback;1;20;0
1246;2;Visual Feedback;2;0;0
1247;2;Visual Feedback;2;1;0
1248;2;Visual Feedback;2;2;0
1249;2;Visual Feedback;2;3;0
1250;2;Visual Feedback;2;4;0
1251;2;Visual Feedback;2;5;0
1252;2;Visual Feedback;2;6;0
1253;2;Visual Feedback;2;7;0
1254;2;Visual Feedback;2;8;1
1255;2;Visual Feedback;2;9;0
1256;2;Visual Feedback;2;10;0
1257;2;Visual Feedback;2;11;0
1258;2;Visual Feedback;2;12;0
1259;2;Visual Feedback;2;13;0
1260;2;Visual Feedback;2;14;1
1261;2;Visual Feedback;2;15;0
1262;2;Visual Feedback;2;16;0
1263;2;Visual Feedback;2;17;0
1264;2;Visual Feedback;2;18;0
1265;2;Visual Feedback;2;19;0
1266;2;Visual Feedback;2;20;0
1267;3;Combined Feedback;3;0;1
1268;3;Combined Feedback;3;1;0
1269;3;Combined Feedback;3;2;0
1270;3;Combined Feedback;3;3;0
1271;3;Combined Feedback;3;4;0
1272;3;Combined Feedback;3;5;0
1273;3;Combined Feedback;3;6;0
1274;3;Combined Feedback;3;7;0
1275;3;Combined Feedback;3;8;0
1276;3;Combined Feedback;3;9;0
1277;3;Combined Feedback;3;10;0
1278;3;Combined Feedback;3;11;0
1279;3;Combined Feedback;3;12;0
1280;3;Combined Feedback;3;13;0
1281;3;Combined Feedback;3;14;0
1282;3;Combined Feedback;3;15;0
1283;3;Combined Feedback;3;16;1
1284;3;Combined Feedback;3;17;0
1285;3;Combined Feedback;3;18;0
1286;3;Combined Feedback;3;19;0
1287;3;Combined Feedback;3;20;0
1296;0;No Feedback;0;0;1
1297;0;No Feedback;0;1;1
1298;0;No Feedback;0;2;0
1299;0;No Feedback;0;3;0
1300;0;No Feedback;0;4;0
1301;0;No Feedback;0;5;1
1302;0;No Feedback;0;6;0
1303;0;No Feedback;0;7;0
1304;0;No Feedback;0;8;0
1305;0;No Feedback;0;9;0
1306;0;No Feedback;0;10;1
1307;0;No Feedback;0;11;0
1308;0;No Feedback;0;12;1
1309;0;No Feedback;0;13;0
1310;0;No Feedback;0;14;0
1311;0;No Feedback;0;15;0
1312;0;No Feedback;0;16;0
1313;0;No Feedback;0;17;1
1314;0;No Feedback;0;18;1
1315;0;No Feedback;0;19;0
1316;0;No Feedback;0;20;0
1317;1;Tactile Feedback;1;0;1
1318;1;Tactile Feedback;1;1;0
1319;1;Tactile Feedback;1;2;1
1320;1;Tactile Feedback;1;3;0
1321;1;Tactile Feedback;1;4;0
1322;1;Tactile Feedback;1;5;0
1323;1;Tactile Feedback;1;6;0
1324;1;Tactile Feedback;1;7;1
1325;1;Tactile Feedback;1;8;1
1326;1;Tactile Feedback;1;9;1
1327;1;Tactile Feedback;1;10;1
1328;1;Tactile Feedback;1;11;0
1329;1;Tactile Feedback;1;12;0
1330;1;Tactile Feedback;1;13;0
1331;1;Tactile Feedback;1;14;0
1332;1;Tactile Feedback;1;15;0
1333;1;Tactile Feedback;1;16;0
1334;1;Tactile Feedback;1;17;0
1335;1;Tactile Feedback;1;18;0
1336;1;Tactile Feedback;1;19;0
1337;1;Tactile Feedback;1;20;0
1338;2;Visual Feedback;2;0;0
1339;2;Visual Feedback;2;1;0
1340;2;Visual Feedback;2;2;0
1341;2;Visual Feedback;2;3;0
1342;2;Visual Feedback;2;4;0
1343;2;Visual Feedback;2;5;0
1344;2;Visual Feedback;2;6;0
1345;2;Visual Feedback;2;7;0
1346;2;Visual Feedback;2;8;0
1347;2;Visual Feedback;2;9;0
1348;2;Visual Feedback;2;10;0
1349;2;Visual Feedback;2;11;0
1350;2;Visual Feedback;2;12;0
1351;2;Visual Feedback;2;13;0
1352;2;Visual Feedback;2;14;0
1353;2;Visual Feedback;2;15;0
1354;2;Visual Feedback;2;16;0
1355;2;Visual Feedback;2;17;0
1356;2;Visual Feedback;2;18;0
1357;2;Visual Feedback;2;19;0
1358;2;Visual Feedback;2;20;0
1359;3;Combined Feedback;3;0;0
1360;3;Combined Feedback;3;1;0
1361;3;Combined Feedback;3;2;0
1362;3;Combined Feedback;3;3;0
1363;3;Combined Feedback;3;4;0
1364;3;Combined Feedback;3;5;0
1365;3;Combined Feedback;3;6;0
1366;3;Combined Feedback;3;7;0
1367;3;Combined Feedback;3;8;0
1368;3;Combined Feedback;3;9;0
1369;3;Combined Feedback;3;10;0
1370;3;Combined Feedback;3;11;0
1371;3;Combined Feedback;3;12;0
1372;3;Combined Feedback;3;13;0
1373;3;Combined Feedback;3;14;0
1374;3;Combined Feedback;3;15;0
1375;3;Combined Feedback;3;16;0
1376;3;Combined Feedback;3;17;0
1377;3;Combined Feedback;3;18;0
1378;3;Combined Feedback;3;19;0
1379;3;Combined Feedback;3;20;0
1388;0;Tactile Feedback;1;0;0
1389;0;Tactile Feedback;1;1;0
1390;0;Tactile Feedback;1;2;0
1391;0;Tactile Feedback;1;3;0
1392;0;Tactile Feedback;1;4;0
1393;0;Tactile Feedback;1;5;0
1394;0;Tactile Feedback;1;6;0
1395;0;Tactile Feedback;1;7;0
1396;0;Tactile Feedback;1;8;0
1397;0;Tactile Feedback;1;9;0
1398;0;Tactile Feedback;1;10;0
1399;0;Tactile Feedback;1;11;0
1400;0;Tactile Feedback;1;12;0
1401;0;Tactile Feedback;1;13;0
1402;0;Tactile Feedback;1;14;0
1403;0;Tactile Feedback;1;15;0
1404;0;Tactile Feedback;1;16;0
1405;0;Tactile Feedback;1;17;0
1406;0;Tactile Feedback;1;18;0
1407;0;Tactile Feedback;1;19;0
1408;0;Tactile Feedback;1;20;0
1409;1;Combined Feedback;3;0;0
1410;1;Combined Feedback;3;1;0
1411;1;Combined Feedback;3;2;0
1412;1;Combined Feedback;3;3;0
1413;1;Combined Feedback;3;4;0
1414;1;Combined Feedback;3;5;0
1415;1;Combined Feedback;3;6;0
1416;1;Combined Feedback;3;7;0
1417;1;Combined Feedback;3;8;0
1418;1;Combined Feedback;3;9;0
1419;1;Combined Feedback;3;10;0
1420;1;Combined Feedback;3;11;0
1421;1;Combined Feedback;3;12;0
1422;1;Combined Feedback;3;13;0
1423;1;Combined Feedback;3;14;0
1424;1;Combined Feedback;3;15;0
1425;1;Combined Feedback;3;16;0
1426;1;Combined Feedback;3;17;0
1427;1;Combined Feedback;3;18;0
1428;1;Combined Feedback;3;19;0
1429;1;Combined Feedback;3;20;0
1430;2;Visual Feedback;2;0;0
1431;2;Visual Feedback;2;1;0
1432;2;Visual Feedback;2;2;0
1433;2;Visual Feedback;2;3;0
1434;2;Visual Feedback;2;4;0
1435;2;Visual Feedback;2;5;0
1436;2;Visual Feedback;2;6;0
1437;2;Visual Feedback;2;7;0
1438;2;Visual Feedback;2;8;0
1439;2;Visual Feedback;2;9;0
1440;2;Visual Feedback;2;10;0
1441;2;Visual Feedback;2;11;0
1442;2;Visual Feedback;2;12;0
1443;2;Visual Feedback;2;13;0
1444;2;Visual Feedback;2;14;0
1445;2;Visual Feedback;2;15;0
1446;2;Visual Feedback;2;16;0
1447;2;Visual Feedback;2;17;0
1448;2;Visual Feedback;2;18;0
1449;2;Visual Feedback;2;19;1
1450;2;Visual Feedback;2;20;0
1451;3;No Feedback;0;0;0
1452;3;No Feedback;0;1;0
1453;3;No Feedback;0;2;0
1454;3;No Feedback;0;3;0
1455;3;No Feedback;0;4;0
1456;3;No Feedback;0;5;0
1457;3;No Feedback;0;6;0
1458;3;No Feedback;0;7;0
1459;3;No Feedback;0;8;0
1460;3;No Feedback;0;9;0
1461;3;No Feedback;0;10;0
1462;3;No Feedback;0;11;0
1463;3;No Feedback;0;12;0
1464;3;No Feedback;0;13;0
1465;3;No Feedback;0;14;0
1466;3;No Feedback;0;15;0
1467;3;No Feedback;0;16;0
1468;3;No Feedback;0;17;0
1469;3;No Feedback;0;18;0
1470;3;No Feedback;0;19;0
1471;3;No Feedback;0;20;0
1480;0;No Feedback;0;0;0
1481;0;No Feedback;0;1;1
1482;0;No Feedback;0;2;0
1483;0;No Feedback;0;3;0
1484;0;No Feedback;0;4;0
1485;0;No Feedback;0;5;0
1486;0;No Feedback;0;6;0
1487;0;No Feedback;0;7;0
1488;0;No Feedback;0;8;0
1489;0;No Feedback;0;9;0
1490;0;No Feedback;0;10;0
1491;0;No Feedback;0;11;0
1492;0;No Feedback;0;12;0
1493;0;No Feedback;0;13;0
1494;0;No Feedback;0;14;1
1495;0;No Feedback;0;15;0
1496;0;No Feedback;0;16;0
1497;0;No Feedback;0;17;0
1498;0;No Feedback;0;18;0
1499;0;No Feedback;0;19;0
1500;0;No Feedback;0;20;0
1501;1;Tactile Feedback;1;0;1
1502;1;Tactile Feedback;1;1;0
1503;1;Tactile Feedback;1;2;0
1504;1;Tactile Feedback;1;3;0
1505;1;Tactile Feedback;1;4;0
1506;1;Tactile Feedback;1;5;0
1507;1;Tactile Feedback;1;6;1
1508;1;Tactile Feedback;1;7;0
1509;1;Tactile Feedback;1;8;0
1510;1;Tactile Feedback;1;9;0
1511;1;Tactile Feedback;1;10;0
1512;1;Tactile Feedback;1;11;0
1513;1;Tactile Feedback;1;12;0
1514;1;Tactile Feedback;1;13;1
1515;1;Tactile Feedback;1;14;1
1516;1;Tactile Feedback;1;15;0
1517;1;Tactile Feedback;1;16;0
1518;1;Tactile Feedback;1;17;1
1519;1;Tactile Feedback;1;18;0
1520;1;Tactile Feedback;1;19;0
1521;1;Tactile Feedback;1;20;0
1522;2;Combined Feedback;3;0;0
1523;2;Combined Feedback;3;1;0
1524;2;Combined Feedback;3;2;0
1525;2;Combined Feedback;3;3;0
1526;2;Combined Feedback;3;4;0
1527;2;Combined Feedback;3;5;0
1528;2;Combined Feedback;3;6;0
1529;2;Combined Feedback;3;7;0
1530;2;Combined Feedback;3;8;0
1531;2;Combined Feedback;3;9;0
1532;2;Combined Feedback;3;10;0
1533;2;Combined Feedback;3;11;0
1534;2;Combined Feedback;3;12;0
1535;2;Combined Feedback;3;13;0
1536;2;Combined Feedback;3;14;0
1537;2;Combined Feedback;3;15;0
1538;2;Combined Feedback;3;16;0
1539;2;Combined Feedback;3;17;0
1540;2;Combined Feedback;3;18;0
1541;2;Combined Feedback;3;19;0
1542;2;Combined Feedback;3;20;0
1543;3;Visual Feedback;2;0;0
1544;3;Visual Feedback;2;1;0
1545;3;Visual Feedback;2;2;0
1546;3;Visual Feedback;2;3;0
1547;3;Visual Feedback;2;4;0
1548;3;Visual Feedback;2;5;0
1549;3;Visual Feedback;2;6;0
1550;3;Visual Feedback;2;7;0
1551;3;Visual Feedback;2;8;0
1552;3;Visual Feedback;2;9;0
1553;3;Visual Feedback;2;10;0
1554;3;Visual Feedback;2;11;0
1555;3;Visual Feedback;2;12;0
1556;3;Visual Feedback;2;13;0
1557;3;Visual Feedback;2;14;0
1558;3;Visual Feedback;2;15;0
1559;3;Visual Feedback;2;16;0
1560;3;Visual Feedback;2;17;0
1561;3;Visual Feedback;2;18;0
1562;3;Visual Feedback;2;19;0
1563;3;Visual Feedback;2;20;0
1572;0;Tactile Feedback;1;0;0
1573;0;Tactile Feedback;1;1;0
1574;0;Tactile Feedback;1;2;0
1575;0;Tactile Feedback;1;3;0
1576;0;Tactile Feedback;1;4;0
1577;0;Tactile Feedback;1;5;0
1578;0;Tactile Feedback;1;6;0
1579;0;Tactile Feedback;1;7;0
1580;0;Tactile Feedback;1;8;0
1581;0;Tactile Feedback;1;9;0
1582;0;Tactile Feedback;1;10;0
1583;0;Tactile Feedback;1;11;0
1584;0;Tactile Feedback;1;12;0
1585;0;Tactile Feedback;1;13;0
1586;0;Tactile Feedback;1;14;0
1587;0;Tactile Feedback;1;15;0
1588;0;Tactile Feedback;1;16;0
1589;0;Tactile Feedback;1;17;0
1590;0;Tactile Feedback;1;18;0
1591;0;Tactile Feedback;1;19;0
1592;0;Tactile Feedback;1;20;0
1593;1;Visual Feedback;2;0;0
1594;1;Visual Feedback;2;1;0
1595;1;Visual Feedback;2;2;0
1596;1;Visual Feedback;2;3;0
1597;1;Visual Feedback;2;4;0
1598;1;Visual Feedback;2;5;0
1599;1;Visual Feedback;2;6;0
1600;1;Visual Feedback;2;7;0
1601;1;Visual Feedback;2;8;0
1602;1;Visual Feedback;2;9;0
1603;1;Visual Feedback;2;10;0
1604;1;Visual Feedback;2;11;0
1605;1;Visual Feedback;2;12;0
1606;1;Visual Feedback;2;13;0
1607;1;Visual Feedback;2;14;0
1608;1;Visual Feedback;2;15;0
1609;1;Visual Feedback;2;16;0
1610;1;Visual Feedback;2;17;0
1611;1;Visual Feedback;2;18;0
1612;1;Visual Feedback;2;19;0
1613;1;Visual Feedback;2;20;0
1614;2;No Feedback;0;0;0
1615;2;No Feedback;0;1;0
1616;2;No Feedback;0;2;0
1617;2;No Feedback;0;3;0
1618;2;No Feedback;0;4;0
1619;2;No Feedback;0;5;0
1620;2;No Feedback;0;6;0
1621;2;No Feedback;0;7;0
1622;2;No Feedback;0;8;0
1623;2;No Feedback;0;9;0
1624;2;No Feedback;0;10;0
1625;2;No Feedback;0;11;0
1626;2;No Feedback;0;12;0
1627;2;No Feedback;0;13;0
1628;2;No Feedback;0;14;0
1629;2;No Feedback;0;15;0
1630;2;No Feedback;0;16;0
1631;2;No Feedback;0;17;0
1632;2;No Feedback;0;18;0
1633;2;No Feedback;0;19;0
1634;2;No Feedback;0;20;0
1635;3;Combined Feedback;3;0;0
1636;3;Combined Feedback;3;1;0
1637;3;Combined Feedback;3;2;0
1638;3;Combined Feedback;3;3;0
1639;3;Combined Feedback;3;4;0
1640;3;Combined Feedback;3;5;0
1641;3;Combined Feedback;3;6;0
1642;3;Combined Feedback;3;7;0
1643;3;Combined Feedback;3;8;0
1644;3;Combined Feedback;3;9;0
1645;3;Combined Feedback;3;10;0
1646;3;Combined Feedback;3;11;0
1647;3;Combined Feedback;3;12;0
1648;3;Combined Feedback;3;13;0
1649;3;Combined Feedback;3;14;0
1650;3;Combined Feedback;3;15;0
1651;3;Combined Feedback;3;16;0
1652;3;Combined Feedback;3;17;0
1653;3;Combined Feedback;3;18;0
1654;3;Combined Feedback;3;19;0
1655;3;Combined Feedback;3;20;0
1664;0;Tactile Feedback;1;0;1
1665;0;Tactile Feedback;1;1;0
1666;0;Tactile Feedback;1;2;0
1667;0;Tactile Feedback;1;3;1
1668;0;Tactile Feedback;1;4;1
1669;0;Tactile Feedback;1;5;0
1670;0;Tactile Feedback;1;6;1
1671;0;Tactile Feedback;1;7;1
1672;0;Tactile Feedback;1;8;0
1673;0;Tactile Feedback;1;9;0
1674;0;Tactile Feedback;1;10;1
1675;0;Tactile Feedback;1;11;1
1676;0;Tactile Feedback;1;12;1
1677;0;Tactile Feedback;1;13;0
1678;0;Tactile Feedback;1;14;0
1679;0;Tactile Feedback;1;15;1
1680;0;Tactile Feedback;1;16;0
1681;0;Tactile Feedback;1;17;1
1682;0;Tactile Feedback;1;18;1
1683;0;Tactile Feedback;1;19;1
1684;0;Tactile Feedback;1;20;1
1685;1;Combined Feedback;3;0;0
1686;1;Combined Feedback;3;1;1
1687;1;Combined Feedback;3;2;1
1688;1;Combined Feedback;3;3;0
1689;1;Combined Feedback;3;4;1
1690;1;Combined Feedback;3;5;0
1691;1;Combined Feedback;3;6;1
1692;1;Combined Feedback;3;7;0
1693;1;Combined Feedback;3;8;0
1694;1;Combined Feedback;3;9;0
1695;1;Combined Feedback;3;10;0
1696;1;Combined Feedback;3;11;0
1697;1;Combined Feedback;3;12;0
1698;1;Combined Feedback;3;13;0
1699;1;Combined Feedback;3;14;0
1700;1;Combined Feedback;3;15;0
1701;1;Combined Feedback;3;16;0
1702;1;Combined Feedback;3;17;0
1703;1;Combined Feedback;3;18;0
1704;1;Combined Feedback;3;19;0
1705;1;Combined Feedback;3;20;0
1706;2;No Feedback;0;0;0
1707;2;No Feedback;0;1;0
1708;2;No Feedback;0;2;0
1709;2;No Feedback;0;3;0
1710;2;No Feedback;0;4;0
1711;2;No Feedback;0;5;0
1712;2;No Feedback;0;6;0
1713;2;No Feedback;0;7;0
1714;2;No Feedback;0;8;0
1715;2;No Feedback;0;9;0
1716;2;No Feedback;0;10;0
1717;2;No Feedback;0;11;0
1718;2;No Feedback;0;12;1
1719;2;No Feedback;0;13;0
1720;2;No Feedback;0;14;0
1721;2;No Feedback;0;15;0
1722;2;No Feedback;0;16;0
1723;2;No Feedback;0;17;0
1724;2;No Feedback;0;18;1
1725;2;No Feedback;0;19;0
1726;2;No Feedback;0;20;0
1727;3;Visual Feedback;2;0;0
1728;3;Visual Feedback;2;1;0
1729;3;Visual Feedback;2;2;0
1730;3;Visual Feedback;2;3;0
1731;3;Visual Feedback;2;4;0
1732;3;Visual Feedback;2;5;0
1733;3;Visual Feedback;2;6;0
1734;3;Visual Feedback;2;7;0
1735;3;Visual Feedback;2;8;0
1736;3;Visual Feedback;2;9;0
1737;3;Visual Feedback;2;10;0
1738;3;Visual Feedback;2;11;0
1739;3;Visual Feedback;2;12;0
1740;3;Visual Feedback;2;13;0
1741;3;Visual Feedback;2;14;0
1742;3;Visual Feedback;2;15;0
1743;3;Visual Feedback;2;16;0
1744;3;Visual Feedback;2;17;0
1745;3;Visual Feedback;2;18;0
1746;3;Visual Feedback;2;19;0
1747;3;Visual Feedback;2;20;0
1756;0;No Feedback;0;0;0
1757;0;No Feedback;0;1;1
1758;0;No Feedback;0;2;0
1759;0;No Feedback;0;3;0
1760;0;No Feedback;0;4;0
1761;0;No Feedback;0;5;0
1762;0;No Feedback;0;6;0
1763;0;No Feedback;0;7;0
1764;0;No Feedback;0;8;0
1765;0;No Feedback;0;9;0
1766;0;No Feedback;0;10;0
1767;0;No Feedback;0;11;0
1768;0;No Feedback;0;12;0
1769;0;No Feedback;0;13;0
1770;0;No Feedback;0;14;0
1771;0;No Feedback;0;15;0
1772;0;No Feedback;0;16;0
1773;0;No Feedback;0;17;0
1774;0;No Feedback;0;18;0
1775;0;No Feedback;0;19;0
1776;0;No Feedback;0;20;0
1777;1;Tactile Feedback;1;0;0
1778;1;Tactile Feedback;1;1;0
1779;1;Tactile Feedback;1;2;0
1780;1;Tactile Feedback;1;3;0
1781;1;Tactile Feedback;1;4;0
1782;1;Tactile Feedback;1;5;0
1783;1;Tactile Feedback;1;6;0
1784;1;Tactile Feedback;1;7;0
1785;1;Tactile Feedback;1;8;0
1786;1;Tactile Feedback;1;9;0
1787;1;Tactile Feedback;1;10;0
1788;1;Tactile Feedback;1;11;0
1789;1;Tactile Feedback;1;12;0
1790;1;Tactile Feedback;1;13;0
1791;1;Tactile Feedback;1;14;0
1792;1;Tactile Feedback;1;15;0
1793;1;Tactile Feedback;1;16;0
1794;1;Tactile Feedback;1;17;0
1795;1;Tactile Feedback;1;18;0
1796;1;Tactile Feedback;1;19;0
1797;1;Tactile Feedback;1;20;0
1798;2;Combined Feedback;3;0;0
1799;2;Combined Feedback;3;1;0
1800;2;Combined Feedback;3;2;0
1801;2;Combined Feedback;3;3;0
1802;2;Combined Feedback;3;4;0
1803;2;Combined Feedback;3;5;0
1804;2;Combined Feedback;3;6;0
1805;2;Combined Feedback;3;7;0
1806;2;Combined Feedback;3;8;0
1807;2;Combined Feedback;3;9;0
1808;2;Combined Feedback;3;10;0
1809;2;Combined Feedback;3;11;0
1810;2;Combined Feedback;3;12;0
1811;2;Combined Feedback;3;13;0
1812;2;Combined Feedback;3;14;0
1813;2;Combined Feedback;3;15;0
1814;2;Combined Feedback;3;16;0
1815;2;Combined Feedback;3;17;0
1816;2;Combined Feedback;3;18;0
1817;2;Combined Feedback;3;19;0
1818;2;Combined Feedback;3;20;0
1819;3;Visual Feedback;2;0;0
1820;3;Visual Feedback;2;1;0
1821;3;Visual Feedback;2;2;0
1822;3;Visual Feedback;2;3;0
1823;3;Visual Feedback;2;4;0
1824;3;Visual Feedback;2;5;0
1825;3;Visual Feedback;2;6;0
1826;3;Visual Feedback;2;7;0
1827;3;Visual Feedback;2;8;0
1828;3;Visual Feedback;2;9;0
1829;3;Visual Feedback;2;10;0
1830;3;Visual Feedback;2;11;0
1831;3;Visual Feedback;2;12;0
1832;3;Visual Feedback;2;13;0
1833;3;Visual Feedback;2;14;0
1834;3;Visual Feedback;2;15;0
1835;3;Visual Feedback;2;16;0
1836;3;Visual Feedback;2;17;0
1837;3;Visual Feedback;2;18;0
1838;3;Visual Feedback;2;19;0
1839;3;Visual Feedback;2;20;0
1848;0;Visual Feedback;2;0;0
1849;0;Visual Feedback;2;1;0
1850;0;Visual Feedback;2;2;1
1851;0;Visual Feedback;2;3;0
1852;0;Visual Feedback;2;4;1
1853;0;Visual Feedback;2;5;0
1854;0;Visual Feedback;2;6;0
1855;0;Visual Feedback;2;7;0
1856;0;Visual Feedback;2;8;0
1857;0;Visual Feedback;2;9;0
1858;0;Visual Feedback;2;10;0
1859;0;Visual Feedback;2;11;0
1860;0;Visual Feedback;2;12;0
1861;0;Visual Feedback;2;13;1
1862;0;Visual Feedback;2;14;0
1863;0;Visual Feedback;2;15;0
1864;0;Visual Feedback;2;16;1
1865;0;Visual Feedback;2;17;0
1866;0;Visual Feedback;2;18;1
1867;0;Visual Feedback;2;19;0
1868;0;Visual Feedback;2;20;0
1869;1;Combined Feedback;3;0;0
1870;1;Combined Feedback;3;1;0
1871;1;Combined Feedback;3;2;0
1872;1;Combined Feedback;3;3;0
1873;1;Combined Feedback;3;4;0
1874;1;Combined Feedback;3;5;0
1875;1;Combined Feedback;3;6;0
1876;1;Combined Feedback;3;7;1
1877;1;Combined Feedback;3;8;0
1878;1;Combined Feedback;3;9;0
1879;1;Combined Feedback;3;10;1
1880;1;Combined Feedback;3;11;0
1881;1;Combined Feedback;3;12;1
1882;1;Combined Feedback;3;13;1
1883;1;Combined Feedback;3;14;0
1884;1;Combined Feedback;3;15;1
1885;1;Combined Feedback;3;16;0
1886;1;Combined Feedback;3;17;1
1887;1;Combined Feedback;3;18;0
1888;1;Combined Feedback;3;19;0
1889;1;Combined Feedback;3;20;1
1890;2;Tactile Feedback;1;0;0
1891;2;Tactile Feedback;1;1;1
1892;2;Tactile Feedback;1;2;0
1893;2;Tactile Feedback;1;3;0
1894;2;Tactile Feedback;1;4;1
1895;2;Tactile Feedback;1;5;0
1896;2;Tactile Feedback;1;6;0
1897;2;Tactile Feedback;1;7;0
1898;2;Tactile Feedback;1;8;0
1899;2;Tactile Feedback;1;9;1
1900;2;Tactile Feedback;1;10;0
1901;2;Tactile Feedback;1;11;0
1902;2;Tactile Feedback;1;12;0
1903;2;Tactile Feedback;1;13;0
1904;2;Tactile Feedback;1;14;1
1905;2;Tactile Feedback;1;15;0
1906;2;Tactile Feedback;1;16;1
1907;2;Tactile Feedback;1;17;0
1908;2;Tactile Feedback;1;18;0
1909;2;Tactile Feedback;1;19;0
1910;2;Tactile Feedback;1;20;1
1911;3;No Feedback;0;0;0
1912;3;No Feedback;0;1;0
1913;3;No Feedback;0;2;0
1914;3;No Feedback;0;3;1
1915;3;No Feedback;0;4;1
1916;3;No Feedback;0;5;0
1917;3;No Feedback;0;6;0
1918;3;No Feedback;0;7;0
1919;3;No Feedback;0;8;0
1920;3;No Feedback;0;9;1
1921;3;No Feedback;0;10;0
1922;3;No Feedback;0;11;0
1923;3;No Feedback;0;12;0
1924;3;No Feedback;0;13;0
1925;3;No Feedback;0;14;0
1926;3;No Feedback;0;15;0
1927;3;No Feedback;0;16;0
1928;3;No Feedback;0;17;0
1929;3;No Feedback;0;18;0
1930;3;No Feedback;0;19;0
1931;3;No Feedback;0;20;0
