;ProbandId;TrialNumber;Condition;ShowNumberCount;BlockId;LayerChangeCount;Difference
0;2;-8;Combined Feedback;20;;;
1;2;-7;Combined Feedback;7;;;
2;2;-6;Visual Feedback;12;;;
3;2;-5;Visual Feedback;9;;;
4;2;-4;Tactile Feedback;23;;;
5;2;-3;Tactile Feedback;8;;;
6;2;-2;No Feedback;13;;;
7;2;-1;No Feedback;12;;;
8;2;0;No Feedback;21;-4.0;60.0;39.0
9;2;0;No Feedback;21;-4.0;60.0;39.0
10;2;0;No Feedback;21;-3.0;60.0;39.0
11;2;0;No Feedback;21;-3.0;60.0;39.0
12;2;0;No Feedback;21;-2.0;60.0;39.0
13;2;0;No Feedback;21;-2.0;60.0;39.0
14;2;0;No Feedback;21;-1.0;60.0;39.0
15;2;0;No Feedback;21;-1.0;60.0;39.0
16;2;0;No Feedback;21;0.0;60.0;39.0
17;2;1;No Feedback;8;0.0;19.0;11.0
18;2;2;No Feedback;12;0.0;43.0;31.0
19;2;3;No Feedback;13;0.0;40.0;27.0
20;2;4;No Feedback;18;0.0;32.0;14.0
21;2;5;No Feedback;12;0.0;62.0;50.0
22;2;6;No Feedback;8;0.0;20.0;12.0
23;2;7;No Feedback;11;0.0;42.0;31.0
24;2;8;No Feedback;10;0.0;22.0;12.0
25;2;9;No Feedback;11;0.0;24.0;13.0
26;2;10;No Feedback;12;0.0;44.0;32.0
27;2;11;No Feedback;9;0.0;21.0;12.0
28;2;12;No Feedback;8;0.0;14.0;6.0
29;2;13;No Feedback;7;0.0;33.0;26.0
30;2;14;No Feedback;12;0.0;30.0;18.0
31;2;15;No Feedback;7;0.0;15.0;8.0
32;2;16;No Feedback;12;0.0;24.0;12.0
33;2;17;No Feedback;11;0.0;30.0;19.0
34;2;18;No Feedback;11;0.0;25.0;14.0
35;2;19;No Feedback;11;0.0;31.0;20.0
36;2;20;No Feedback;7;0.0;10.0;3.0
37;2;21;Combined Feedback;8;1.0;13.0;5.0
38;2;22;Combined Feedback;8;1.0;20.0;12.0
39;2;23;Combined Feedback;10;1.0;20.0;10.0
40;2;24;Combined Feedback;8;1.0;15.0;7.0
41;2;25;Combined Feedback;7;1.0;13.0;6.0
42;2;26;Combined Feedback;9;1.0;13.0;4.0
43;2;27;Combined Feedback;8;1.0;16.0;8.0
44;2;28;Combined Feedback;8;1.0;14.0;6.0
45;2;29;Combined Feedback;8;1.0;12.0;4.0
46;2;30;Combined Feedback;7;1.0;13.0;6.0
47;2;31;Combined Feedback;8;1.0;14.0;6.0
48;2;32;Combined Feedback;7;1.0;16.0;9.0
49;2;33;Combined Feedback;7;1.0;12.0;5.0
50;2;34;Combined Feedback;7;1.0;14.0;7.0
51;2;35;Combined Feedback;8;1.0;22.0;14.0
52;2;36;Combined Feedback;8;1.0;15.0;7.0
53;2;37;Combined Feedback;7;1.0;13.0;6.0
54;2;38;Combined Feedback;10;1.0;12.0;2.0
55;2;39;Combined Feedback;7;1.0;13.0;6.0
56;2;40;Combined Feedback;7;1.0;12.0;5.0
57;2;41;Combined Feedback;8;1.0;13.0;5.0
58;2;42;Visual Feedback;11;2.0;18.0;7.0
59;2;43;Visual Feedback;8;2.0;14.0;6.0
60;2;44;Visual Feedback;7;2.0;12.0;5.0
61;2;45;Visual Feedback;11;2.0;18.0;7.0
62;2;46;Visual Feedback;7;2.0;11.0;4.0
63;2;47;Visual Feedback;7;2.0;19.0;12.0
64;2;48;Visual Feedback;7;2.0;13.0;6.0
65;2;49;Visual Feedback;7;2.0;13.0;6.0
66;2;50;Visual Feedback;9;2.0;14.0;5.0
67;2;51;Visual Feedback;7;2.0;14.0;7.0
68;2;52;Visual Feedback;8;2.0;18.0;10.0
69;2;53;Visual Feedback;12;2.0;23.0;11.0
70;2;54;Visual Feedback;7;2.0;12.0;5.0
71;2;55;Visual Feedback;7;2.0;14.0;7.0
72;2;56;Visual Feedback;7;2.0;13.0;6.0
73;2;57;Visual Feedback;7;2.0;12.0;5.0
74;2;58;Visual Feedback;7;2.0;13.0;6.0
75;2;59;Visual Feedback;7;2.0;14.0;7.0
76;2;60;Visual Feedback;12;2.0;19.0;7.0
77;2;61;Visual Feedback;8;2.0;14.0;6.0
78;2;62;Visual Feedback;7;2.0;11.0;4.0
79;2;63;Tactile Feedback;7;3.0;14.0;7.0
80;2;64;Tactile Feedback;8;3.0;12.0;4.0
81;2;65;Tactile Feedback;7;3.0;13.0;6.0
82;2;66;Tactile Feedback;7;3.0;17.0;10.0
83;2;67;Tactile Feedback;9;3.0;34.0;25.0
84;2;68;Tactile Feedback;7;3.0;20.0;13.0
85;2;69;Tactile Feedback;9;3.0;23.0;14.0
86;2;70;Tactile Feedback;9;3.0;22.0;13.0
87;2;71;Tactile Feedback;7;3.0;16.0;9.0
88;2;72;Tactile Feedback;7;3.0;14.0;7.0
89;2;73;Tactile Feedback;8;3.0;14.0;6.0
90;2;74;Tactile Feedback;9;3.0;28.0;19.0
91;2;75;Tactile Feedback;7;3.0;18.0;11.0
92;2;76;Tactile Feedback;7;3.0;18.0;11.0
93;2;77;Tactile Feedback;7;3.0;12.0;5.0
94;2;78;Tactile Feedback;10;3.0;24.0;14.0
95;2;79;Tactile Feedback;8;3.0;23.0;15.0
96;2;80;Tactile Feedback;7;3.0;13.0;6.0
97;2;81;Tactile Feedback;10;3.0;32.0;22.0
98;2;82;Tactile Feedback;8;3.0;12.0;4.0
99;2;83;Tactile Feedback;9;3.0;31.0;22.0
100;3;-8;Combined Feedback;6;;;
101;3;-7;Combined Feedback;9;;;
102;3;-6;Visual Feedback;15;;;
103;3;-5;Visual Feedback;7;;;
104;3;-4;Tactile Feedback;7;;;
105;3;-3;Tactile Feedback;7;;;
106;3;-2;No Feedback;7;;;
107;3;-1;No Feedback;7;;;
108;3;0;Tactile Feedback;6;-4.0;16.0;10.0
109;3;0;Tactile Feedback;6;-4.0;16.0;10.0
110;3;0;Tactile Feedback;6;-3.0;16.0;10.0
111;3;0;Tactile Feedback;6;-3.0;16.0;10.0
112;3;0;Tactile Feedback;6;-2.0;16.0;10.0
113;3;0;Tactile Feedback;6;-2.0;16.0;10.0
114;3;0;Tactile Feedback;6;-1.0;16.0;10.0
115;3;0;Tactile Feedback;6;-1.0;16.0;10.0
116;3;0;Tactile Feedback;6;0.0;16.0;10.0
117;3;1;Tactile Feedback;7;0.0;15.0;8.0
118;3;2;Tactile Feedback;7;0.0;14.0;7.0
119;3;3;Tactile Feedback;7;0.0;13.0;6.0
120;3;4;Tactile Feedback;8;0.0;16.0;8.0
121;3;5;Tactile Feedback;7;0.0;13.0;6.0
122;3;6;Tactile Feedback;7;0.0;15.0;8.0
123;3;7;Tactile Feedback;7;0.0;14.0;7.0
124;3;8;Tactile Feedback;6;0.0;14.0;8.0
125;3;9;Tactile Feedback;7;0.0;14.0;7.0
126;3;10;Tactile Feedback;7;0.0;17.0;10.0
127;3;11;Tactile Feedback;7;0.0;14.0;7.0
128;3;12;Tactile Feedback;7;0.0;13.0;6.0
129;3;13;Tactile Feedback;7;0.0;16.0;9.0
130;3;14;Tactile Feedback;7;0.0;13.0;6.0
131;3;15;Tactile Feedback;7;0.0;14.0;7.0
132;3;16;Tactile Feedback;7;0.0;14.0;7.0
133;3;17;Tactile Feedback;7;0.0;14.0;7.0
134;3;18;Tactile Feedback;6;0.0;16.0;10.0
135;3;19;Tactile Feedback;7;0.0;14.0;7.0
136;3;20;Tactile Feedback;7;0.0;14.0;7.0
137;3;21;Visual Feedback;7;1.0;14.0;7.0
138;3;22;Visual Feedback;7;1.0;14.0;7.0
139;3;23;Visual Feedback;7;1.0;18.0;11.0
140;3;24;Visual Feedback;7;1.0;16.0;9.0
141;3;25;Visual Feedback;7;1.0;13.0;6.0
142;3;26;Visual Feedback;7;1.0;16.0;9.0
143;3;27;Visual Feedback;7;1.0;14.0;7.0
144;3;28;Visual Feedback;7;1.0;13.0;6.0
145;3;29;Visual Feedback;7;1.0;14.0;7.0
146;3;30;Visual Feedback;7;1.0;14.0;7.0
147;3;31;Visual Feedback;7;1.0;16.0;9.0
148;3;32;Visual Feedback;7;1.0;14.0;7.0
149;3;33;Visual Feedback;7;1.0;14.0;7.0
150;3;34;Visual Feedback;7;1.0;16.0;9.0
151;3;35;Visual Feedback;7;1.0;14.0;7.0
152;3;36;Visual Feedback;7;1.0;14.0;7.0
153;3;37;Visual Feedback;7;1.0;16.0;9.0
154;3;38;Visual Feedback;7;1.0;14.0;7.0
155;3;39;Visual Feedback;7;1.0;16.0;9.0
156;3;40;Visual Feedback;7;1.0;14.0;7.0
157;3;41;Visual Feedback;7;1.0;14.0;7.0
158;3;42;No Feedback;7;2.0;14.0;7.0
159;3;43;No Feedback;7;2.0;13.0;6.0
160;3;44;No Feedback;7;2.0;14.0;7.0
161;3;45;No Feedback;7;2.0;14.0;7.0
162;3;46;No Feedback;7;2.0;13.0;6.0
163;3;47;No Feedback;7;2.0;16.0;9.0
164;3;48;No Feedback;7;2.0;12.0;5.0
165;3;49;No Feedback;7;2.0;14.0;7.0
166;3;50;No Feedback;7;2.0;14.0;7.0
167;3;51;No Feedback;7;2.0;13.0;6.0
168;3;52;No Feedback;7;2.0;12.0;5.0
169;3;53;No Feedback;7;2.0;15.0;8.0
170;3;54;No Feedback;7;2.0;13.0;6.0
171;3;55;No Feedback;7;2.0;14.0;7.0
172;3;56;No Feedback;7;2.0;13.0;6.0
173;3;57;No Feedback;7;2.0;14.0;7.0
174;3;58;No Feedback;7;2.0;15.0;8.0
175;3;59;No Feedback;7;2.0;13.0;6.0
176;3;60;No Feedback;7;2.0;10.0;3.0
177;3;61;No Feedback;7;2.0;15.0;8.0
178;3;62;No Feedback;7;2.0;12.0;5.0
179;3;63;Combined Feedback;7;3.0;16.0;9.0
180;3;64;Combined Feedback;7;3.0;16.0;9.0
181;3;65;Combined Feedback;7;3.0;13.0;6.0
182;3;66;Combined Feedback;7;3.0;16.0;9.0
183;3;67;Combined Feedback;7;3.0;14.0;7.0
184;3;68;Combined Feedback;7;3.0;14.0;7.0
185;3;69;Combined Feedback;7;3.0;16.0;9.0
186;3;70;Combined Feedback;7;3.0;14.0;7.0
187;3;71;Combined Feedback;7;3.0;16.0;9.0
188;3;72;Combined Feedback;7;3.0;13.0;6.0
189;3;73;Combined Feedback;7;3.0;14.0;7.0
190;3;74;Combined Feedback;7;3.0;14.0;7.0
191;3;75;Combined Feedback;7;3.0;12.0;5.0
192;3;76;Combined Feedback;7;3.0;14.0;7.0
193;3;77;Combined Feedback;7;3.0;18.0;11.0
194;3;78;Combined Feedback;7;3.0;14.0;7.0
195;3;79;Combined Feedback;7;3.0;14.0;7.0
196;3;80;Combined Feedback;7;3.0;13.0;6.0
197;3;81;Combined Feedback;7;3.0;14.0;7.0
198;3;82;Combined Feedback;7;3.0;14.0;7.0
199;3;83;Combined Feedback;7;3.0;14.0;7.0
200;4;-8;Combined Feedback;17;;;
201;4;-7;Combined Feedback;12;;;
202;4;-6;Visual Feedback;16;;;
203;4;-5;Visual Feedback;14;;;
204;4;-4;Tactile Feedback;9;;;
205;4;-3;Tactile Feedback;10;;;
206;4;-2;No Feedback;9;;;
207;4;-1;No Feedback;9;;;
208;4;0;Combined Feedback;10;-4.0;14.0;4.0
209;4;0;Combined Feedback;10;-4.0;14.0;4.0
210;4;0;Combined Feedback;10;-3.0;14.0;4.0
211;4;0;Combined Feedback;10;-3.0;14.0;4.0
212;4;0;Combined Feedback;10;-2.0;14.0;4.0
213;4;0;Combined Feedback;10;-2.0;14.0;4.0
214;4;0;Combined Feedback;10;-1.0;14.0;4.0
215;4;0;Combined Feedback;10;-1.0;14.0;4.0
216;4;0;Combined Feedback;10;0.0;14.0;4.0
217;4;1;Combined Feedback;15;0.0;18.0;3.0
218;4;2;Combined Feedback;12;0.0;14.0;2.0
219;4;3;Combined Feedback;13;0.0;14.0;1.0
220;4;4;Combined Feedback;11;0.0;14.0;3.0
221;4;5;Combined Feedback;10;0.0;14.0;4.0
222;4;6;Combined Feedback;8;0.0;14.0;6.0
223;4;7;Combined Feedback;11;0.0;14.0;3.0
224;4;8;Combined Feedback;8;0.0;14.0;6.0
225;4;9;Combined Feedback;8;0.0;13.0;5.0
226;4;10;Combined Feedback;9;0.0;14.0;5.0
227;4;11;Combined Feedback;10;0.0;14.0;4.0
228;4;12;Combined Feedback;11;0.0;14.0;3.0
229;4;13;Combined Feedback;9;0.0;18.0;9.0
230;4;14;Combined Feedback;9;0.0;14.0;5.0
231;4;15;Combined Feedback;9;0.0;18.0;9.0
232;4;16;Combined Feedback;7;0.0;14.0;7.0
233;4;17;Combined Feedback;8;0.0;14.0;6.0
234;4;18;Combined Feedback;9;0.0;14.0;5.0
235;4;19;Combined Feedback;8;0.0;14.0;6.0
236;4;20;Combined Feedback;10;0.0;18.0;8.0
237;4;21;Visual Feedback;8;1.0;14.0;6.0
238;4;22;Visual Feedback;8;1.0;16.0;8.0
239;4;23;Visual Feedback;7;1.0;13.0;6.0
240;4;24;Visual Feedback;8;1.0;13.0;5.0
241;4;25;Visual Feedback;8;1.0;14.0;6.0
242;4;26;Visual Feedback;7;1.0;13.0;6.0
243;4;27;Visual Feedback;7;1.0;13.0;6.0
244;4;28;Visual Feedback;9;1.0;13.0;4.0
245;4;29;Visual Feedback;8;1.0;18.0;10.0
246;4;30;Visual Feedback;7;1.0;14.0;7.0
247;4;31;Visual Feedback;9;1.0;15.0;6.0
248;4;32;Visual Feedback;8;1.0;16.0;8.0
249;4;33;Visual Feedback;8;1.0;14.0;6.0
250;4;34;Visual Feedback;7;1.0;13.0;6.0
251;4;35;Visual Feedback;8;1.0;13.0;5.0
252;4;36;Visual Feedback;8;1.0;13.0;5.0
253;4;37;Visual Feedback;15;1.0;30.0;15.0
254;4;38;Visual Feedback;9;1.0;20.0;11.0
255;4;39;Visual Feedback;7;1.0;14.0;7.0
256;4;40;Visual Feedback;9;1.0;14.0;5.0
257;4;41;Visual Feedback;9;1.0;14.0;5.0
258;4;42;No Feedback;9;2.0;15.0;6.0
259;4;43;No Feedback;7;2.0;13.0;6.0
260;4;44;No Feedback;8;2.0;16.0;8.0
261;4;45;No Feedback;11;2.0;24.0;13.0
262;4;46;No Feedback;8;2.0;18.0;10.0
263;4;47;No Feedback;8;2.0;15.0;7.0
264;4;48;No Feedback;8;2.0;18.0;10.0
265;4;49;No Feedback;14;2.0;22.0;8.0
266;4;50;No Feedback;9;2.0;13.0;4.0
267;4;51;No Feedback;7;2.0;22.0;15.0
268;4;52;No Feedback;10;2.0;17.0;7.0
269;4;53;No Feedback;8;2.0;14.0;6.0
270;4;54;No Feedback;9;2.0;24.0;15.0
271;4;55;No Feedback;9;2.0;20.0;11.0
272;4;56;No Feedback;7;2.0;11.0;4.0
273;4;57;No Feedback;7;2.0;14.0;7.0
274;4;58;No Feedback;8;2.0;22.0;14.0
275;4;59;No Feedback;7;2.0;18.0;11.0
276;4;60;No Feedback;7;2.0;14.0;7.0
277;4;61;No Feedback;10;2.0;30.0;20.0
278;4;62;No Feedback;7;2.0;14.0;7.0
279;4;63;Tactile Feedback;8;3.0;18.0;10.0
280;4;64;Tactile Feedback;7;3.0;13.0;6.0
281;4;65;Tactile Feedback;9;3.0;30.0;21.0
282;4;66;Tactile Feedback;14;3.0;45.0;31.0
283;4;67;Tactile Feedback;17;3.0;45.0;28.0
284;4;68;Tactile Feedback;8;3.0;16.0;8.0
285;4;69;Tactile Feedback;11;3.0;16.0;5.0
286;4;70;Tactile Feedback;9;3.0;13.0;4.0
287;4;71;Tactile Feedback;8;3.0;18.0;10.0
288;4;72;Tactile Feedback;7;3.0;13.0;6.0
289;4;73;Tactile Feedback;7;3.0;29.0;22.0
290;4;74;Tactile Feedback;10;3.0;18.0;8.0
291;4;75;Tactile Feedback;10;3.0;14.0;4.0
292;4;76;Tactile Feedback;7;3.0;13.0;6.0
293;4;77;Tactile Feedback;8;3.0;20.0;12.0
294;4;78;Tactile Feedback;9;3.0;17.0;8.0
295;4;79;Tactile Feedback;7;3.0;13.0;6.0
296;4;80;Tactile Feedback;11;3.0;28.0;17.0
297;4;81;Tactile Feedback;7;3.0;16.0;9.0
298;4;82;Tactile Feedback;8;3.0;17.0;9.0
299;4;83;Tactile Feedback;8;3.0;16.0;8.0
300;5;-8;Combined Feedback;15;;;
301;5;-7;Combined Feedback;9;;;
302;5;-6;Visual Feedback;12;;;
303;5;-5;Visual Feedback;8;;;
304;5;-4;Tactile Feedback;12;;;
305;5;-3;Tactile Feedback;10;;;
306;5;-2;No Feedback;15;;;
307;5;-1;No Feedback;7;;;
308;5;0;Visual Feedback;10;-4.0;18.0;8.0
309;5;0;Visual Feedback;10;-4.0;18.0;8.0
310;5;0;Visual Feedback;10;-3.0;18.0;8.0
311;5;0;Visual Feedback;10;-3.0;18.0;8.0
312;5;0;Visual Feedback;10;-2.0;18.0;8.0
313;5;0;Visual Feedback;10;-2.0;18.0;8.0
314;5;0;Visual Feedback;10;-1.0;18.0;8.0
315;5;0;Visual Feedback;10;-1.0;18.0;8.0
316;5;0;Visual Feedback;10;0.0;18.0;8.0
317;5;1;Visual Feedback;9;0.0;13.0;4.0
318;5;2;Visual Feedback;15;0.0;29.0;14.0
319;5;3;Visual Feedback;8;0.0;13.0;5.0
320;5;4;Visual Feedback;8;0.0;16.0;8.0
321;5;5;Visual Feedback;13;0.0;22.0;9.0
322;5;6;Visual Feedback;9;0.0;23.0;14.0
323;5;7;Visual Feedback;7;0.0;10.0;3.0
324;5;8;Visual Feedback;8;0.0;11.0;3.0
325;5;9;Visual Feedback;7;0.0;14.0;7.0
326;5;10;Visual Feedback;7;0.0;16.0;9.0
327;5;11;Visual Feedback;16;0.0;22.0;6.0
328;5;12;Visual Feedback;10;0.0;14.0;4.0
329;5;13;Visual Feedback;12;0.0;15.0;3.0
330;5;14;Visual Feedback;8;0.0;14.0;6.0
331;5;15;Visual Feedback;14;0.0;25.0;11.0
332;5;16;Visual Feedback;11;0.0;12.0;1.0
333;5;17;Visual Feedback;6;0.0;13.0;7.0
334;5;18;Visual Feedback;7;0.0;10.0;3.0
335;5;19;Visual Feedback;7;0.0;10.0;3.0
336;5;20;Visual Feedback;7;0.0;12.0;5.0
337;5;21;Tactile Feedback;7;1.0;9.0;2.0
338;5;22;Tactile Feedback;8;1.0;14.0;6.0
339;5;23;Tactile Feedback;7;1.0;8.0;1.0
340;5;24;Tactile Feedback;8;1.0;11.0;3.0
341;5;25;Tactile Feedback;7;1.0;12.0;5.0
342;5;26;Tactile Feedback;10;1.0;28.0;18.0
343;5;27;Tactile Feedback;9;1.0;16.0;7.0
344;5;28;Tactile Feedback;12;1.0;26.0;14.0
345;5;29;Tactile Feedback;9;1.0;18.0;9.0
346;5;30;Tactile Feedback;11;1.0;21.0;10.0
347;5;31;Tactile Feedback;10;1.0;21.0;11.0
348;5;32;Tactile Feedback;12;1.0;22.0;10.0
349;5;33;Tactile Feedback;9;1.0;14.0;5.0
350;5;34;Tactile Feedback;6;1.0;12.0;6.0
351;5;35;Tactile Feedback;7;1.0;11.0;4.0
352;5;36;Tactile Feedback;5;1.0;15.0;10.0
353;5;37;Tactile Feedback;7;1.0;22.0;15.0
354;5;38;Tactile Feedback;9;1.0;14.0;5.0
355;5;39;Tactile Feedback;7;1.0;17.0;10.0
356;5;40;Tactile Feedback;7;1.0;20.0;13.0
357;5;41;Tactile Feedback;8;1.0;23.0;15.0
358;5;42;Combined Feedback;8;2.0;19.0;11.0
359;5;43;Combined Feedback;7;2.0;9.0;2.0
360;5;44;Combined Feedback;8;2.0;15.0;7.0
361;5;45;Combined Feedback;9;2.0;13.0;4.0
362;5;46;Combined Feedback;8;2.0;10.0;2.0
363;5;47;Combined Feedback;12;2.0;16.0;4.0
364;5;48;Combined Feedback;8;2.0;11.0;3.0
365;5;49;Combined Feedback;11;2.0;19.0;8.0
366;5;50;Combined Feedback;7;2.0;10.0;3.0
367;5;51;Combined Feedback;7;2.0;12.0;5.0
368;5;52;Combined Feedback;11;2.0;17.0;6.0
369;5;53;Combined Feedback;15;2.0;19.0;4.0
370;5;54;Combined Feedback;10;2.0;18.0;8.0
371;5;55;Combined Feedback;7;2.0;9.0;2.0
372;5;56;Combined Feedback;8;2.0;9.0;1.0
373;5;57;Combined Feedback;8;2.0;12.0;4.0
374;5;58;Combined Feedback;8;2.0;19.0;11.0
375;5;59;Combined Feedback;8;2.0;13.0;5.0
376;5;60;Combined Feedback;8;2.0;12.0;4.0
377;5;61;Combined Feedback;7;2.0;12.0;5.0
378;5;62;Combined Feedback;11;2.0;16.0;5.0
379;5;63;No Feedback;7;3.0;12.0;5.0
380;5;64;No Feedback;9;3.0;14.0;5.0
381;5;65;No Feedback;9;3.0;12.0;3.0
382;5;66;No Feedback;8;3.0;13.0;5.0
383;5;67;No Feedback;7;3.0;11.0;4.0
384;5;68;No Feedback;7;3.0;12.0;5.0
385;5;69;No Feedback;7;3.0;14.0;7.0
386;5;70;No Feedback;7;3.0;14.0;7.0
387;5;71;No Feedback;9;3.0;19.0;10.0
388;5;72;No Feedback;7;3.0;12.0;5.0
389;5;73;No Feedback;6;3.0;15.0;9.0
390;5;74;No Feedback;8;3.0;16.0;8.0
391;5;75;No Feedback;9;3.0;21.0;12.0
392;5;76;No Feedback;7;3.0;13.0;6.0
393;5;77;No Feedback;7;3.0;14.0;7.0
394;5;78;No Feedback;11;3.0;64.0;53.0
395;5;79;No Feedback;7;3.0;13.0;6.0
396;5;80;No Feedback;7;3.0;12.0;5.0
397;5;81;No Feedback;9;3.0;24.0;15.0
398;5;82;No Feedback;9;3.0;22.0;13.0
399;5;83;No Feedback;15;3.0;38.0;23.0
400;6;-8;Combined Feedback;18;;;
401;6;-7;Combined Feedback;10;;;
402;6;-6;Visual Feedback;13;;;
403;6;-5;Visual Feedback;25;;;
404;6;-4;Tactile Feedback;14;;;
405;6;-3;Tactile Feedback;10;;;
406;6;-2;No Feedback;9;;;
407;6;-1;No Feedback;7;;;
408;6;0;Tactile Feedback;8;-4.0;20.0;12.0
409;6;0;Tactile Feedback;8;-4.0;20.0;12.0
410;6;0;Tactile Feedback;8;-3.0;20.0;12.0
411;6;0;Tactile Feedback;8;-3.0;20.0;12.0
412;6;0;Tactile Feedback;8;-2.0;20.0;12.0
413;6;0;Tactile Feedback;8;-2.0;20.0;12.0
414;6;0;Tactile Feedback;8;-1.0;20.0;12.0
415;6;0;Tactile Feedback;8;-1.0;20.0;12.0
416;6;0;Tactile Feedback;8;0.0;20.0;12.0
417;6;1;Tactile Feedback;6;0.0;15.0;9.0
418;6;2;Tactile Feedback;7;0.0;17.0;10.0
419;6;3;Tactile Feedback;7;0.0;18.0;11.0
420;6;4;Tactile Feedback;8;0.0;16.0;8.0
421;6;5;Tactile Feedback;12;0.0;29.0;17.0
422;6;6;Tactile Feedback;7;0.0;17.0;10.0
423;6;7;Tactile Feedback;11;0.0;27.0;16.0
424;6;8;Tactile Feedback;7;0.0;24.0;17.0
425;6;9;Tactile Feedback;7;0.0;12.0;5.0
426;6;10;Tactile Feedback;7;0.0;16.0;9.0
427;6;11;Tactile Feedback;10;0.0;18.0;8.0
428;6;12;Tactile Feedback;7;0.0;16.0;9.0
429;6;13;Tactile Feedback;7;0.0;11.0;4.0
430;6;14;Tactile Feedback;8;0.0;23.0;15.0
431;6;15;Tactile Feedback;7;0.0;12.0;5.0
432;6;16;Tactile Feedback;7;0.0;14.0;7.0
433;6;17;Tactile Feedback;9;0.0;19.0;10.0
434;6;18;Tactile Feedback;8;0.0;18.0;10.0
435;6;19;Tactile Feedback;7;0.0;15.0;8.0
436;6;20;Tactile Feedback;7;0.0;19.0;12.0
437;6;21;Visual Feedback;7;1.0;13.0;6.0
438;6;22;Visual Feedback;7;1.0;13.0;6.0
439;6;23;Visual Feedback;8;1.0;13.0;5.0
440;6;24;Visual Feedback;7;1.0;26.0;19.0
441;6;25;Visual Feedback;11;1.0;30.0;19.0
442;6;26;Visual Feedback;7;1.0;18.0;11.0
443;6;27;Visual Feedback;7;1.0;21.0;14.0
444;6;28;Visual Feedback;7;1.0;13.0;6.0
445;6;29;Visual Feedback;7;1.0;13.0;6.0
446;6;30;Visual Feedback;8;1.0;18.0;10.0
447;6;31;Visual Feedback;8;1.0;14.0;6.0
448;6;32;Visual Feedback;7;1.0;17.0;10.0
449;6;33;Visual Feedback;10;1.0;20.0;10.0
450;6;34;Visual Feedback;7;1.0;13.0;6.0
451;6;35;Visual Feedback;7;1.0;11.0;4.0
452;6;36;Visual Feedback;9;1.0;18.0;9.0
453;6;37;Visual Feedback;7;1.0;11.0;4.0
454;6;38;Visual Feedback;7;1.0;13.0;6.0
455;6;39;Visual Feedback;7;1.0;15.0;8.0
456;6;40;Visual Feedback;8;1.0;13.0;5.0
457;6;41;Visual Feedback;10;1.0;27.0;17.0
458;6;42;Combined Feedback;12;2.0;23.0;11.0
459;6;43;Combined Feedback;7;2.0;12.0;5.0
460;6;44;Combined Feedback;7;2.0;13.0;6.0
461;6;45;Combined Feedback;7;2.0;12.0;5.0
462;6;46;Combined Feedback;9;2.0;20.0;11.0
463;6;47;Combined Feedback;9;2.0;15.0;6.0
464;6;48;Combined Feedback;8;2.0;19.0;11.0
465;6;49;Combined Feedback;7;2.0;14.0;7.0
466;6;50;Combined Feedback;7;2.0;12.0;5.0
467;6;51;Combined Feedback;10;2.0;19.0;9.0
468;6;52;Combined Feedback;7;2.0;14.0;7.0
469;6;53;Combined Feedback;7;2.0;16.0;9.0
470;6;54;Combined Feedback;7;2.0;13.0;6.0
471;6;55;Combined Feedback;7;2.0;12.0;5.0
472;6;56;Combined Feedback;7;2.0;12.0;5.0
473;6;57;Combined Feedback;7;2.0;12.0;5.0
474;6;58;Combined Feedback;7;2.0;15.0;8.0
475;6;59;Combined Feedback;9;2.0;20.0;11.0
476;6;60;Combined Feedback;7;2.0;13.0;6.0
477;6;61;Combined Feedback;7;2.0;14.0;7.0
478;6;62;Combined Feedback;8;2.0;10.0;2.0
479;6;63;No Feedback;8;3.0;14.0;6.0
480;6;64;No Feedback;8;3.0;12.0;4.0
481;6;65;No Feedback;7;3.0;17.0;10.0
482;6;66;No Feedback;6;3.0;21.0;15.0
483;6;67;No Feedback;8;3.0;24.0;16.0
484;6;68;No Feedback;9;3.0;17.0;8.0
485;6;69;No Feedback;10;3.0;37.0;27.0
486;6;70;No Feedback;7;3.0;17.0;10.0
487;6;71;No Feedback;9;3.0;24.0;15.0
488;6;72;No Feedback;8;3.0;15.0;7.0
489;6;73;No Feedback;7;3.0;21.0;14.0
490;6;74;No Feedback;7;3.0;14.0;7.0
491;6;75;No Feedback;6;3.0;19.0;13.0
492;6;76;No Feedback;6;3.0;34.0;28.0
493;6;77;No Feedback;8;3.0;11.0;3.0
494;6;78;No Feedback;16;3.0;56.0;40.0
495;6;79;No Feedback;7;3.0;15.0;8.0
496;6;80;No Feedback;9;3.0;32.0;23.0
497;6;81;No Feedback;9;3.0;34.0;25.0
498;6;82;No Feedback;8;3.0;16.0;8.0
499;6;83;No Feedback;7;3.0;16.0;9.0
500;7;-8;Combined Feedback;8;;;
501;7;-7;Combined Feedback;8;;;
502;7;-6;Visual Feedback;9;;;
503;7;-5;Visual Feedback;14;;;
504;7;-4;Tactile Feedback;23;;;
505;7;-3;Tactile Feedback;14;;;
506;7;-2;No Feedback;14;;;
507;7;-1;No Feedback;9;;;
508;7;0;Visual Feedback;12;-4.0;16.0;4.0
509;7;0;Visual Feedback;12;-4.0;16.0;4.0
510;7;0;Visual Feedback;12;-3.0;16.0;4.0
511;7;0;Visual Feedback;12;-3.0;16.0;4.0
512;7;0;Visual Feedback;12;-2.0;16.0;4.0
513;7;0;Visual Feedback;12;-2.0;16.0;4.0
514;7;0;Visual Feedback;12;-1.0;16.0;4.0
515;7;0;Visual Feedback;12;-1.0;16.0;4.0
516;7;0;Visual Feedback;12;0.0;16.0;4.0
517;7;1;Visual Feedback;10;0.0;24.0;14.0
518;7;2;Visual Feedback;8;0.0;14.0;6.0
519;7;3;Visual Feedback;15;0.0;14.0;-1.0
520;7;4;Visual Feedback;9;0.0;13.0;4.0
521;7;5;Visual Feedback;8;0.0;13.0;5.0
522;7;6;Visual Feedback;10;0.0;18.0;8.0
523;7;7;Visual Feedback;16;0.0;26.0;10.0
524;7;8;Visual Feedback;7;0.0;12.0;5.0
525;7;9;Visual Feedback;11;0.0;13.0;2.0
526;7;10;Visual Feedback;10;0.0;16.0;6.0
527;7;11;Visual Feedback;11;0.0;16.0;5.0
528;7;12;Visual Feedback;7;0.0;14.0;7.0
529;7;13;Visual Feedback;10;0.0;14.0;4.0
530;7;14;Visual Feedback;17;0.0;25.0;8.0
531;7;15;Visual Feedback;8;0.0;12.0;4.0
532;7;16;Visual Feedback;9;0.0;16.0;7.0
533;7;17;Visual Feedback;8;0.0;12.0;4.0
534;7;18;Visual Feedback;8;0.0;12.0;4.0
535;7;19;Visual Feedback;8;0.0;18.0;10.0
536;7;20;Visual Feedback;8;0.0;12.0;4.0
537;7;21;Tactile Feedback;8;1.0;16.0;8.0
538;7;22;Tactile Feedback;10;1.0;27.0;17.0
539;7;23;Tactile Feedback;8;1.0;13.0;5.0
540;7;24;Tactile Feedback;8;1.0;14.0;6.0
541;7;25;Tactile Feedback;8;1.0;14.0;6.0
542;7;26;Tactile Feedback;7;1.0;13.0;6.0
543;7;27;Tactile Feedback;7;1.0;11.0;4.0
544;7;28;Tactile Feedback;7;1.0;11.0;4.0
545;7;29;Tactile Feedback;7;1.0;14.0;7.0
546;7;30;Tactile Feedback;8;1.0;12.0;4.0
547;7;31;Tactile Feedback;6;1.0;19.0;13.0
548;7;32;Tactile Feedback;8;1.0;18.0;10.0
549;7;33;Tactile Feedback;7;1.0;13.0;6.0
550;7;34;Tactile Feedback;10;1.0;15.0;5.0
551;7;35;Tactile Feedback;12;1.0;20.0;8.0
552;7;36;Tactile Feedback;7;1.0;13.0;6.0
553;7;37;Tactile Feedback;9;1.0;15.0;6.0
554;7;38;Tactile Feedback;11;1.0;28.0;17.0
555;7;39;Tactile Feedback;12;1.0;14.0;2.0
556;7;40;Tactile Feedback;7;1.0;11.0;4.0
557;7;41;Tactile Feedback;12;1.0;29.0;17.0
558;7;42;Combined Feedback;8;2.0;16.0;8.0
559;7;43;Combined Feedback;7;2.0;12.0;5.0
560;7;44;Combined Feedback;13;2.0;24.0;11.0
561;7;45;Combined Feedback;13;2.0;27.0;14.0
562;7;46;Combined Feedback;7;2.0;12.0;5.0
563;7;47;Combined Feedback;7;2.0;12.0;5.0
564;7;48;Combined Feedback;9;2.0;15.0;6.0
565;7;49;Combined Feedback;8;2.0;13.0;5.0
566;7;50;Combined Feedback;8;2.0;16.0;8.0
567;7;51;Combined Feedback;7;2.0;15.0;8.0
568;7;52;Combined Feedback;7;2.0;12.0;5.0
569;7;53;Combined Feedback;8;2.0;11.0;3.0
570;7;54;Combined Feedback;8;2.0;12.0;4.0
571;7;55;Combined Feedback;8;2.0;22.0;14.0
572;7;56;Combined Feedback;8;2.0;15.0;7.0
573;7;57;Combined Feedback;7;2.0;12.0;5.0
574;7;58;Combined Feedback;7;2.0;12.0;5.0
575;7;59;Combined Feedback;7;2.0;15.0;8.0
576;7;60;Combined Feedback;8;2.0;16.0;8.0
577;7;61;Combined Feedback;7;2.0;12.0;5.0
578;7;62;Combined Feedback;7;2.0;12.0;5.0
579;7;63;No Feedback;7;3.0;11.0;4.0
580;7;64;No Feedback;7;3.0;10.0;3.0
581;7;65;No Feedback;9;3.0;15.0;6.0
582;7;66;No Feedback;7;3.0;14.0;7.0
583;7;67;No Feedback;7;3.0;14.0;7.0
584;7;68;No Feedback;7;3.0;13.0;6.0
585;7;69;No Feedback;14;3.0;17.0;3.0
586;7;70;No Feedback;7;3.0;12.0;5.0
587;7;71;No Feedback;7;3.0;15.0;8.0
588;7;72;No Feedback;8;3.0;21.0;13.0
589;7;73;No Feedback;7;3.0;15.0;8.0
590;7;74;No Feedback;10;3.0;22.0;12.0
591;7;75;No Feedback;10;3.0;20.0;10.0
592;7;76;No Feedback;8;3.0;12.0;4.0
593;7;77;No Feedback;8;3.0;16.0;8.0
594;7;78;No Feedback;9;3.0;29.0;20.0
595;7;79;No Feedback;7;3.0;12.0;5.0
596;7;80;No Feedback;7;3.0;14.0;7.0
597;7;81;No Feedback;8;3.0;20.0;12.0
598;7;82;No Feedback;7;3.0;12.0;5.0
599;7;83;No Feedback;7;3.0;15.0;8.0
600;8;-8;Combined Feedback;26;;;
601;8;-7;Combined Feedback;23;;;
602;8;-6;Visual Feedback;15;;;
603;8;-5;Visual Feedback;9;;;
604;8;-4;Tactile Feedback;10;;;
605;8;-3;Tactile Feedback;12;;;
606;8;-2;No Feedback;9;;;
607;8;-1;No Feedback;22;;;
608;8;0;Tactile Feedback;12;-4.0;34.0;22.0
609;8;0;Tactile Feedback;12;-4.0;34.0;22.0
610;8;0;Tactile Feedback;12;-3.0;34.0;22.0
611;8;0;Tactile Feedback;12;-3.0;34.0;22.0
612;8;0;Tactile Feedback;12;-2.0;34.0;22.0
613;8;0;Tactile Feedback;12;-2.0;34.0;22.0
614;8;0;Tactile Feedback;12;-1.0;34.0;22.0
615;8;0;Tactile Feedback;12;-1.0;34.0;22.0
616;8;0;Tactile Feedback;12;0.0;34.0;22.0
617;8;1;Tactile Feedback;22;0.0;71.0;49.0
618;8;2;Tactile Feedback;10;0.0;22.0;12.0
619;8;3;Tactile Feedback;11;0.0;40.0;29.0
620;8;4;Tactile Feedback;16;0.0;49.0;33.0
621;8;5;Tactile Feedback;10;0.0;18.0;8.0
622;8;6;Tactile Feedback;13;0.0;45.0;32.0
623;8;7;Tactile Feedback;11;0.0;54.0;43.0
624;8;8;Tactile Feedback;10;0.0;29.0;19.0
625;8;9;Tactile Feedback;9;0.0;21.0;12.0
626;8;10;Tactile Feedback;10;0.0;33.0;23.0
627;8;11;Tactile Feedback;9;0.0;32.0;23.0
628;8;12;Tactile Feedback;8;0.0;19.0;11.0
629;8;13;Tactile Feedback;18;0.0;54.0;36.0
630;8;14;Tactile Feedback;7;0.0;13.0;6.0
631;8;15;Tactile Feedback;10;0.0;35.0;25.0
632;8;16;Tactile Feedback;13;0.0;49.0;36.0
633;8;17;Tactile Feedback;16;0.0;65.0;49.0
634;8;18;Tactile Feedback;18;0.0;46.0;28.0
635;8;19;Tactile Feedback;7;0.0;27.0;20.0
636;8;20;Tactile Feedback;9;0.0;22.0;13.0
637;8;21;Visual Feedback;15;1.0;25.0;10.0
638;8;22;Visual Feedback;11;1.0;29.0;18.0
639;8;23;Visual Feedback;8;1.0;18.0;10.0
640;8;24;Visual Feedback;13;1.0;30.0;17.0
641;8;25;Visual Feedback;12;1.0;34.0;22.0
642;8;26;Visual Feedback;9;1.0;16.0;7.0
643;8;27;Visual Feedback;7;1.0;14.0;7.0
644;8;28;Visual Feedback;16;1.0;24.0;8.0
645;8;29;Visual Feedback;9;1.0;18.0;9.0
646;8;30;Visual Feedback;8;1.0;14.0;6.0
647;8;31;Visual Feedback;10;1.0;15.0;5.0
648;8;32;Visual Feedback;11;1.0;26.0;15.0
649;8;33;Visual Feedback;18;1.0;35.0;17.0
650;8;34;Visual Feedback;8;1.0;16.0;8.0
651;8;35;Visual Feedback;8;1.0;12.0;4.0
652;8;36;Visual Feedback;13;1.0;14.0;1.0
653;8;37;Visual Feedback;9;1.0;24.0;15.0
654;8;38;Visual Feedback;8;1.0;12.0;4.0
655;8;39;Visual Feedback;8;1.0;16.0;8.0
656;8;40;Visual Feedback;9;1.0;18.0;9.0
657;8;41;Visual Feedback;7;1.0;14.0;7.0
658;8;42;No Feedback;8;2.0;21.0;13.0
659;8;43;No Feedback;8;2.0;17.0;9.0
660;8;44;No Feedback;7;2.0;19.0;12.0
661;8;45;No Feedback;7;2.0;17.0;10.0
662;8;46;No Feedback;16;2.0;50.0;34.0
663;8;47;No Feedback;8;2.0;25.0;17.0
664;8;48;No Feedback;7;2.0;14.0;7.0
665;8;49;No Feedback;9;2.0;29.0;20.0
666;8;50;No Feedback;9;2.0;33.0;24.0
667;8;51;No Feedback;9;2.0;28.0;19.0
668;8;52;No Feedback;9;2.0;21.0;12.0
669;8;53;No Feedback;9;2.0;35.0;26.0
670;8;54;No Feedback;8;2.0;27.0;19.0
671;8;55;No Feedback;11;2.0;22.0;11.0
672;8;56;No Feedback;9;2.0;33.0;24.0
673;8;57;No Feedback;15;2.0;52.0;37.0
674;8;58;No Feedback;7;2.0;19.0;12.0
675;8;59;No Feedback;9;2.0;25.0;16.0
676;8;60;No Feedback;8;2.0;17.0;9.0
677;8;61;No Feedback;10;2.0;40.0;30.0
678;8;62;No Feedback;9;2.0;13.0;4.0
679;8;63;Combined Feedback;8;3.0;11.0;3.0
680;8;64;Combined Feedback;11;3.0;17.0;6.0
681;8;65;Combined Feedback;11;3.0;13.0;2.0
682;8;66;Combined Feedback;11;3.0;14.0;3.0
683;8;67;Combined Feedback;8;3.0;17.0;9.0
684;8;68;Combined Feedback;13;3.0;17.0;4.0
685;8;69;Combined Feedback;14;3.0;30.0;16.0
686;8;70;Combined Feedback;7;3.0;20.0;13.0
687;8;71;Combined Feedback;8;3.0;12.0;4.0
688;8;72;Combined Feedback;7;3.0;11.0;4.0
689;8;73;Combined Feedback;12;3.0;17.0;5.0
690;8;74;Combined Feedback;28;3.0;50.0;22.0
691;8;75;Combined Feedback;8;3.0;18.0;10.0
692;8;76;Combined Feedback;7;3.0;12.0;5.0
693;8;77;Combined Feedback;7;3.0;13.0;6.0
694;8;78;Combined Feedback;9;3.0;18.0;9.0
695;8;79;Combined Feedback;8;3.0;17.0;9.0
696;8;80;Combined Feedback;11;3.0;33.0;22.0
697;8;81;Combined Feedback;7;3.0;13.0;6.0
698;8;82;Combined Feedback;10;3.0;27.0;17.0
699;8;83;Combined Feedback;11;3.0;13.0;2.0
700;9;-8;Combined Feedback;23;;;
701;9;-7;Combined Feedback;7;;;
702;9;-6;Visual Feedback;8;;;
703;9;-5;Visual Feedback;19;;;
704;9;-4;Tactile Feedback;10;;;
705;9;-3;Tactile Feedback;10;;;
706;9;-2;No Feedback;10;;;
707;9;-1;No Feedback;12;;;
708;9;0;Combined Feedback;14;-4.0;19.0;5.0
709;9;0;Combined Feedback;14;-4.0;19.0;5.0
710;9;0;Combined Feedback;14;-3.0;19.0;5.0
711;9;0;Combined Feedback;14;-3.0;19.0;5.0
712;9;0;Combined Feedback;14;-2.0;19.0;5.0
713;9;0;Combined Feedback;14;-2.0;19.0;5.0
714;9;0;Combined Feedback;14;-1.0;19.0;5.0
715;9;0;Combined Feedback;14;-1.0;19.0;5.0
716;9;0;Combined Feedback;14;0.0;19.0;5.0
717;9;1;Combined Feedback;13;0.0;24.0;11.0
718;9;2;Combined Feedback;7;0.0;16.0;9.0
719;9;3;Combined Feedback;9;0.0;15.0;6.0
720;9;4;Combined Feedback;7;0.0;18.0;11.0
721;9;5;Combined Feedback;8;0.0;11.0;3.0
722;9;6;Combined Feedback;12;0.0;22.0;10.0
723;9;7;Combined Feedback;8;0.0;11.0;3.0
724;9;8;Combined Feedback;7;0.0;12.0;5.0
725;9;9;Combined Feedback;9;0.0;16.0;7.0
726;9;10;Combined Feedback;9;0.0;13.0;4.0
727;9;11;Combined Feedback;7;0.0;11.0;4.0
728;9;12;Combined Feedback;9;0.0;11.0;2.0
729;9;13;Combined Feedback;11;0.0;19.0;8.0
730;9;14;Combined Feedback;7;0.0;11.0;4.0
731;9;15;Combined Feedback;8;0.0;10.0;2.0
732;9;16;Combined Feedback;7;0.0;10.0;3.0
733;9;17;Combined Feedback;8;0.0;11.0;3.0
734;9;18;Combined Feedback;8;0.0;11.0;3.0
735;9;19;Combined Feedback;9;0.0;17.0;8.0
736;9;20;Combined Feedback;7;0.0;10.0;3.0
737;9;21;No Feedback;7;1.0;10.0;3.0
738;9;22;No Feedback;9;1.0;12.0;3.0
739;9;23;No Feedback;9;1.0;11.0;2.0
740;9;24;No Feedback;10;1.0;24.0;14.0
741;9;25;No Feedback;7;1.0;10.0;3.0
742;9;26;No Feedback;11;1.0;14.0;3.0
743;9;27;No Feedback;7;1.0;19.0;12.0
744;9;28;No Feedback;9;1.0;11.0;2.0
745;9;29;No Feedback;8;1.0;13.0;5.0
746;9;30;No Feedback;7;1.0;11.0;4.0
747;9;31;No Feedback;7;1.0;11.0;4.0
748;9;32;No Feedback;7;1.0;13.0;6.0
749;9;33;No Feedback;7;1.0;11.0;4.0
750;9;34;No Feedback;7;1.0;11.0;4.0
751;9;35;No Feedback;8;1.0;13.0;5.0
752;9;36;No Feedback;7;1.0;11.0;4.0
753;9;37;No Feedback;7;1.0;10.0;3.0
754;9;38;No Feedback;7;1.0;12.0;5.0
755;9;39;No Feedback;9;1.0;15.0;6.0
756;9;40;No Feedback;7;1.0;10.0;3.0
757;9;41;No Feedback;7;1.0;10.0;3.0
758;9;42;Visual Feedback;8;2.0;11.0;3.0
759;9;43;Visual Feedback;7;2.0;11.0;4.0
760;9;44;Visual Feedback;9;2.0;14.0;5.0
761;9;45;Visual Feedback;7;2.0;13.0;6.0
762;9;46;Visual Feedback;7;2.0;10.0;3.0
763;9;47;Visual Feedback;8;2.0;10.0;2.0
764;9;48;Visual Feedback;7;2.0;10.0;3.0
765;9;49;Visual Feedback;7;2.0;15.0;8.0
766;9;50;Visual Feedback;7;2.0;15.0;8.0
767;9;51;Visual Feedback;8;2.0;13.0;5.0
768;9;52;Visual Feedback;9;2.0;13.0;4.0
769;9;53;Visual Feedback;9;2.0;32.0;23.0
770;9;54;Visual Feedback;7;2.0;11.0;4.0
771;9;55;Visual Feedback;8;2.0;23.0;15.0
772;9;56;Visual Feedback;9;2.0;12.0;3.0
773;9;57;Visual Feedback;7;2.0;11.0;4.0
774;9;58;Visual Feedback;10;2.0;15.0;5.0
775;9;59;Visual Feedback;7;2.0;11.0;4.0
776;9;60;Visual Feedback;10;2.0;18.0;8.0
777;9;61;Visual Feedback;6;2.0;14.0;8.0
778;9;62;Visual Feedback;7;2.0;10.0;3.0
779;9;63;Tactile Feedback;7;3.0;10.0;3.0
780;9;64;Tactile Feedback;7;3.0;11.0;4.0
781;9;65;Tactile Feedback;10;3.0;20.0;10.0
782;9;66;Tactile Feedback;7;3.0;11.0;4.0
783;9;67;Tactile Feedback;8;3.0;15.0;7.0
784;9;68;Tactile Feedback;7;3.0;10.0;3.0
785;9;69;Tactile Feedback;7;3.0;11.0;4.0
786;9;70;Tactile Feedback;7;3.0;11.0;4.0
787;9;71;Tactile Feedback;7;3.0;10.0;3.0
788;9;72;Tactile Feedback;7;3.0;12.0;5.0
789;9;73;Tactile Feedback;7;3.0;11.0;4.0
790;9;74;Tactile Feedback;8;3.0;12.0;4.0
791;9;75;Tactile Feedback;8;3.0;11.0;3.0
792;9;76;Tactile Feedback;7;3.0;13.0;6.0
793;9;77;Tactile Feedback;8;3.0;11.0;3.0
794;9;78;Tactile Feedback;6;3.0;11.0;5.0
795;9;79;Tactile Feedback;12;3.0;20.0;8.0
796;9;80;Tactile Feedback;7;3.0;17.0;10.0
797;9;81;Tactile Feedback;7;3.0;16.0;9.0
798;9;82;Tactile Feedback;9;3.0;14.0;5.0
799;9;83;Tactile Feedback;8;3.0;11.0;3.0
800;10;-8;Combined Feedback;26;;;
801;10;-7;Combined Feedback;12;;;
802;10;-6;Visual Feedback;14;;;
803;10;-5;Visual Feedback;10;;;
804;10;-4;Tactile Feedback;13;;;
805;10;-3;Tactile Feedback;7;;;
806;10;-2;No Feedback;7;;;
807;10;-1;No Feedback;7;;;
808;10;0;No Feedback;7;-4.0;17.0;10.0
809;10;0;No Feedback;7;-4.0;17.0;10.0
810;10;0;No Feedback;7;-3.0;17.0;10.0
811;10;0;No Feedback;7;-3.0;17.0;10.0
812;10;0;No Feedback;7;-2.0;17.0;10.0
813;10;0;No Feedback;7;-2.0;17.0;10.0
814;10;0;No Feedback;7;-1.0;17.0;10.0
815;10;0;No Feedback;7;-1.0;17.0;10.0
816;10;0;No Feedback;7;0.0;17.0;10.0
817;10;1;No Feedback;7;0.0;16.0;9.0
818;10;2;No Feedback;11;0.0;24.0;13.0
819;10;3;No Feedback;8;0.0;34.0;26.0
820;10;4;No Feedback;9;0.0;37.0;28.0
821;10;5;No Feedback;9;0.0;18.0;9.0
822;10;6;No Feedback;8;0.0;22.0;14.0
823;10;7;No Feedback;11;0.0;29.0;18.0
824;10;8;No Feedback;8;0.0;24.0;16.0
825;10;9;No Feedback;8;0.0;22.0;14.0
826;10;10;No Feedback;7;0.0;16.0;9.0
827;10;11;No Feedback;9;0.0;46.0;37.0
828;10;12;No Feedback;7;0.0;30.0;23.0
829;10;13;No Feedback;11;0.0;34.0;23.0
830;10;14;No Feedback;7;0.0;19.0;12.0
831;10;15;No Feedback;8;0.0;51.0;43.0
832;10;16;No Feedback;11;0.0;18.0;7.0
833;10;17;No Feedback;11;0.0;66.0;55.0
834;10;18;No Feedback;8;0.0;34.0;26.0
835;10;19;No Feedback;9;0.0;32.0;23.0
836;10;20;No Feedback;9;0.0;18.0;9.0
837;10;21;Tactile Feedback;9;1.0;16.0;7.0
838;10;22;Tactile Feedback;9;1.0;30.0;21.0
839;10;23;Tactile Feedback;8;1.0;19.0;11.0
840;10;24;Tactile Feedback;7;1.0;19.0;12.0
841;10;25;Tactile Feedback;7;1.0;18.0;11.0
842;10;26;Tactile Feedback;8;1.0;26.0;18.0
843;10;27;Tactile Feedback;7;1.0;25.0;18.0
844;10;28;Tactile Feedback;8;1.0;26.0;18.0
845;10;29;Tactile Feedback;8;1.0;19.0;11.0
846;10;30;Tactile Feedback;10;1.0;23.0;13.0
847;10;31;Tactile Feedback;7;1.0;17.0;10.0
848;10;32;Tactile Feedback;10;1.0;40.0;30.0
849;10;33;Tactile Feedback;7;1.0;17.0;10.0
850;10;34;Tactile Feedback;7;1.0;12.0;5.0
851;10;35;Tactile Feedback;7;1.0;27.0;20.0
852;10;36;Tactile Feedback;8;1.0;17.0;9.0
853;10;37;Tactile Feedback;9;1.0;26.0;17.0
854;10;38;Tactile Feedback;7;1.0;23.0;16.0
855;10;39;Tactile Feedback;9;1.0;22.0;13.0
856;10;40;Tactile Feedback;7;1.0;16.0;9.0
857;10;41;Tactile Feedback;9;1.0;25.0;16.0
858;10;42;Visual Feedback;7;2.0;18.0;11.0
859;10;43;Visual Feedback;7;2.0;14.0;7.0
860;10;44;Visual Feedback;7;2.0;16.0;9.0
861;10;45;Visual Feedback;13;2.0;22.0;9.0
862;10;46;Visual Feedback;7;2.0;12.0;5.0
863;10;47;Visual Feedback;7;2.0;15.0;8.0
864;10;48;Visual Feedback;7;2.0;18.0;11.0
865;10;49;Visual Feedback;9;2.0;12.0;3.0
866;10;50;Visual Feedback;8;2.0;16.0;8.0
867;10;51;Visual Feedback;9;2.0;18.0;9.0
868;10;52;Visual Feedback;7;2.0;13.0;6.0
869;10;53;Visual Feedback;8;2.0;17.0;9.0
870;10;54;Visual Feedback;8;2.0;20.0;12.0
871;10;55;Visual Feedback;7;2.0;13.0;6.0
872;10;56;Visual Feedback;7;2.0;14.0;7.0
873;10;57;Visual Feedback;7;2.0;14.0;7.0
874;10;58;Visual Feedback;7;2.0;13.0;6.0
875;10;59;Visual Feedback;14;2.0;27.0;13.0
876;10;60;Visual Feedback;7;2.0;14.0;7.0
877;10;61;Visual Feedback;8;2.0;16.0;8.0
878;10;62;Visual Feedback;8;2.0;14.0;6.0
879;10;63;Combined Feedback;8;3.0;13.0;5.0
880;10;64;Combined Feedback;8;3.0;13.0;5.0
881;10;65;Combined Feedback;7;3.0;13.0;6.0
882;10;66;Combined Feedback;8;3.0;20.0;12.0
883;10;67;Combined Feedback;8;3.0;12.0;4.0
884;10;68;Combined Feedback;8;3.0;14.0;6.0
885;10;69;Combined Feedback;8;3.0;14.0;6.0
886;10;70;Combined Feedback;7;3.0;13.0;6.0
887;10;71;Combined Feedback;7;3.0;13.0;6.0
888;10;72;Combined Feedback;8;3.0;13.0;5.0
889;10;73;Combined Feedback;7;3.0;13.0;6.0
890;10;74;Combined Feedback;10;3.0;19.0;9.0
891;10;75;Combined Feedback;8;3.0;13.0;5.0
892;10;76;Combined Feedback;9;3.0;25.0;16.0
893;10;77;Combined Feedback;9;3.0;14.0;5.0
894;10;78;Combined Feedback;8;3.0;13.0;5.0
895;10;79;Combined Feedback;9;3.0;18.0;9.0
896;10;80;Combined Feedback;7;3.0;12.0;5.0
897;10;81;Combined Feedback;9;3.0;20.0;11.0
898;10;82;Combined Feedback;8;3.0;14.0;6.0
899;10;83;Combined Feedback;8;3.0;19.0;11.0
900;11;-8;Combined Feedback;67;;;
901;11;-7;Combined Feedback;13;;;
902;11;-6;Visual Feedback;9;;;
903;11;-5;Visual Feedback;13;;;
904;11;-4;Tactile Feedback;11;;;
905;11;-3;Tactile Feedback;13;;;
906;11;-2;No Feedback;8;;;
907;11;-1;No Feedback;12;;;
908;11;0;Tactile Feedback;9;-4.0;49.0;40.0
909;11;0;Tactile Feedback;9;-4.0;49.0;40.0
910;11;0;Tactile Feedback;9;-3.0;49.0;40.0
911;11;0;Tactile Feedback;9;-3.0;49.0;40.0
912;11;0;Tactile Feedback;9;-2.0;49.0;40.0
913;11;0;Tactile Feedback;9;-2.0;49.0;40.0
914;11;0;Tactile Feedback;9;-1.0;49.0;40.0
915;11;0;Tactile Feedback;9;-1.0;49.0;40.0
916;11;0;Tactile Feedback;9;0.0;49.0;40.0
917;11;1;Tactile Feedback;14;0.0;41.0;27.0
918;11;2;Tactile Feedback;10;0.0;53.0;43.0
919;11;3;Tactile Feedback;8;0.0;42.0;34.0
920;11;4;Tactile Feedback;17;0.0;53.0;36.0
921;11;5;Tactile Feedback;8;0.0;37.0;29.0
922;11;6;Tactile Feedback;20;0.0;65.0;45.0
923;11;7;Tactile Feedback;9;0.0;28.0;19.0
924;11;8;Tactile Feedback;16;0.0;57.0;41.0
925;11;9;Tactile Feedback;12;0.0;30.0;18.0
926;11;10;Tactile Feedback;8;0.0;22.0;14.0
927;11;11;Tactile Feedback;13;0.0;43.0;30.0
928;11;12;Tactile Feedback;11;0.0;32.0;21.0
929;11;13;Tactile Feedback;9;0.0;18.0;9.0
930;11;14;Tactile Feedback;10;0.0;30.0;20.0
931;11;15;Tactile Feedback;8;0.0;13.0;5.0
932;11;16;Tactile Feedback;11;0.0;22.0;11.0
933;11;17;Tactile Feedback;9;0.0;22.0;13.0
934;11;18;Tactile Feedback;8;0.0;24.0;16.0
935;11;19;Tactile Feedback;15;0.0;62.0;47.0
936;11;20;Tactile Feedback;10;0.0;24.0;14.0
937;11;21;Visual Feedback;11;1.0;33.0;22.0
938;11;22;Visual Feedback;8;1.0;10.0;2.0
939;11;23;Visual Feedback;8;1.0;11.0;3.0
940;11;24;Visual Feedback;7;1.0;11.0;4.0
941;11;25;Visual Feedback;6;1.0;13.0;7.0
942;11;26;Visual Feedback;7;1.0;12.0;5.0
943;11;27;Visual Feedback;7;1.0;11.0;4.0
944;11;28;Visual Feedback;6;1.0;11.0;5.0
945;11;29;Visual Feedback;8;1.0;18.0;10.0
946;11;30;Visual Feedback;8;1.0;14.0;6.0
947;11;31;Visual Feedback;8;1.0;15.0;7.0
948;11;32;Visual Feedback;8;1.0;19.0;11.0
949;11;33;Visual Feedback;7;1.0;12.0;5.0
950;11;34;Visual Feedback;8;1.0;16.0;8.0
951;11;35;Visual Feedback;9;1.0;21.0;12.0
952;11;36;Visual Feedback;7;1.0;11.0;4.0
953;11;37;Visual Feedback;7;1.0;10.0;3.0
954;11;38;Visual Feedback;10;1.0;18.0;8.0
955;11;39;Visual Feedback;8;1.0;22.0;14.0
956;11;40;Visual Feedback;10;1.0;30.0;20.0
957;11;41;Visual Feedback;8;1.0;11.0;3.0
958;11;42;Combined Feedback;7;2.0;9.0;2.0
959;11;43;Combined Feedback;7;2.0;14.0;7.0
960;11;44;Combined Feedback;11;2.0;22.0;11.0
961;11;45;Combined Feedback;6;2.0;12.0;6.0
962;11;46;Combined Feedback;7;2.0;21.0;14.0
963;11;47;Combined Feedback;13;2.0;33.0;20.0
964;11;48;Combined Feedback;9;2.0;16.0;7.0
965;11;49;Combined Feedback;8;2.0;20.0;12.0
966;11;50;Combined Feedback;8;2.0;21.0;13.0
967;11;51;Combined Feedback;7;2.0;11.0;4.0
968;11;52;Combined Feedback;7;2.0;11.0;4.0
969;11;53;Combined Feedback;9;2.0;15.0;6.0
970;11;54;Combined Feedback;8;2.0;11.0;3.0
971;11;55;Combined Feedback;11;2.0;20.0;9.0
972;11;56;Combined Feedback;12;2.0;26.0;14.0
973;11;57;Combined Feedback;7;2.0;11.0;4.0
974;11;58;Combined Feedback;8;2.0;30.0;22.0
975;11;59;Combined Feedback;8;2.0;13.0;5.0
976;11;60;Combined Feedback;11;2.0;20.0;9.0
977;11;61;Combined Feedback;13;2.0;28.0;15.0
978;11;62;Combined Feedback;8;2.0;19.0;11.0
979;11;63;No Feedback;7;3.0;15.0;8.0
980;11;64;No Feedback;7;3.0;9.0;2.0
981;11;65;No Feedback;9;3.0;24.0;15.0
982;11;66;No Feedback;8;3.0;14.0;6.0
983;11;67;No Feedback;18;3.0;42.0;24.0
984;11;68;No Feedback;7;3.0;20.0;13.0
985;11;69;No Feedback;7;3.0;9.0;2.0
986;11;70;No Feedback;7;3.0;10.0;3.0
987;11;71;No Feedback;8;3.0;19.0;11.0
988;11;72;No Feedback;8;3.0;14.0;6.0
989;11;73;No Feedback;12;3.0;24.0;12.0
990;11;74;No Feedback;9;3.0;21.0;12.0
991;11;75;No Feedback;9;3.0;32.0;23.0
992;11;76;No Feedback;7;3.0;16.0;9.0
993;11;77;No Feedback;8;3.0;16.0;8.0
994;11;78;No Feedback;11;3.0;27.0;16.0
995;11;79;No Feedback;7;3.0;16.0;9.0
996;11;80;No Feedback;8;3.0;41.0;33.0
997;11;81;No Feedback;7;3.0;11.0;4.0
998;11;82;No Feedback;13;3.0;36.0;23.0
999;11;83;No Feedback;11;3.0;33.0;22.0
1000;12;-8;Combined Feedback;10;;;
1001;12;-7;Combined Feedback;8;;;
1002;12;-6;Visual Feedback;12;;;
1003;12;-5;Visual Feedback;9;;;
1004;12;-4;Tactile Feedback;16;;;
1005;12;-3;Tactile Feedback;11;;;
1006;12;-2;No Feedback;10;;;
1007;12;-1;No Feedback;11;;;
1008;12;0;Combined Feedback;11;-4.0;22.0;11.0
1009;12;0;Combined Feedback;11;-4.0;22.0;11.0
1010;12;0;Combined Feedback;11;-3.0;22.0;11.0
1011;12;0;Combined Feedback;11;-3.0;22.0;11.0
1012;12;0;Combined Feedback;11;-2.0;22.0;11.0
1013;12;0;Combined Feedback;11;-2.0;22.0;11.0
1014;12;0;Combined Feedback;11;-1.0;22.0;11.0
1015;12;0;Combined Feedback;11;-1.0;22.0;11.0
1016;12;0;Combined Feedback;11;0.0;22.0;11.0
1017;12;1;Combined Feedback;11;0.0;26.0;15.0
1018;12;2;Combined Feedback;7;0.0;14.0;7.0
1019;12;3;Combined Feedback;7;0.0;14.0;7.0
1020;12;4;Combined Feedback;10;0.0;18.0;8.0
1021;12;5;Combined Feedback;10;0.0;26.0;16.0
1022;12;6;Combined Feedback;10;0.0;14.0;4.0
1023;12;7;Combined Feedback;9;0.0;20.0;11.0
1024;12;8;Combined Feedback;7;0.0;14.0;7.0
1025;12;9;Combined Feedback;11;0.0;21.0;10.0
1026;12;10;Combined Feedback;10;0.0;22.0;12.0
1027;12;11;Combined Feedback;7;0.0;15.0;8.0
1028;12;12;Combined Feedback;9;0.0;18.0;9.0
1029;12;13;Combined Feedback;7;0.0;14.0;7.0
1030;12;14;Combined Feedback;10;0.0;26.0;16.0
1031;12;15;Combined Feedback;8;0.0;15.0;7.0
1032;12;16;Combined Feedback;10;0.0;14.0;4.0
1033;12;17;Combined Feedback;10;0.0;20.0;10.0
1034;12;18;Combined Feedback;9;0.0;20.0;11.0
1035;12;19;Combined Feedback;8;0.0;15.0;7.0
1036;12;20;Combined Feedback;10;0.0;20.0;10.0
1037;12;21;No Feedback;10;1.0;18.0;8.0
1038;12;22;No Feedback;13;1.0;21.0;8.0
1039;12;23;No Feedback;19;1.0;26.0;7.0
1040;12;24;No Feedback;17;1.0;33.0;16.0
1041;12;25;No Feedback;8;1.0;16.0;8.0
1042;12;26;No Feedback;7;1.0;12.0;5.0
1043;12;27;No Feedback;7;1.0;14.0;7.0
1044;12;28;No Feedback;15;1.0;28.0;13.0
1045;12;29;No Feedback;9;1.0;13.0;4.0
1046;12;30;No Feedback;12;1.0;22.0;10.0
1047;12;31;No Feedback;8;1.0;12.0;4.0
1048;12;32;No Feedback;10;1.0;13.0;3.0
1049;12;33;No Feedback;8;1.0;14.0;6.0
1050;12;34;No Feedback;8;1.0;17.0;9.0
1051;12;35;No Feedback;7;1.0;17.0;10.0
1052;12;36;No Feedback;7;1.0;13.0;6.0
1053;12;37;No Feedback;8;1.0;15.0;7.0
1054;12;38;No Feedback;11;1.0;20.0;9.0
1055;12;39;No Feedback;9;1.0;12.0;3.0
1056;12;40;No Feedback;8;1.0;17.0;9.0
1057;12;41;No Feedback;7;1.0;13.0;6.0
1058;12;42;Tactile Feedback;14;2.0;28.0;14.0
1059;12;43;Tactile Feedback;8;2.0;15.0;7.0
1060;12;44;Tactile Feedback;7;2.0;14.0;7.0
1061;12;45;Tactile Feedback;11;2.0;22.0;11.0
1062;12;46;Tactile Feedback;8;2.0;17.0;9.0
1063;12;47;Tactile Feedback;10;2.0;24.0;14.0
1064;12;48;Tactile Feedback;7;2.0;13.0;6.0
1065;12;49;Tactile Feedback;13;2.0;24.0;11.0
1066;12;50;Tactile Feedback;7;2.0;15.0;8.0
1067;12;51;Tactile Feedback;16;2.0;34.0;18.0
1068;12;52;Tactile Feedback;8;2.0;16.0;8.0
1069;12;53;Tactile Feedback;8;2.0;15.0;7.0
1070;12;54;Tactile Feedback;14;2.0;28.0;14.0
1071;12;55;Tactile Feedback;12;2.0;20.0;8.0
1072;12;56;Tactile Feedback;9;2.0;16.0;7.0
1073;12;57;Tactile Feedback;7;2.0;13.0;6.0
1074;12;58;Tactile Feedback;7;2.0;14.0;7.0
1075;12;59;Tactile Feedback;7;2.0;22.0;15.0
1076;12;60;Tactile Feedback;9;2.0;18.0;9.0
1077;12;61;Tactile Feedback;10;2.0;21.0;11.0
1078;12;62;Tactile Feedback;9;2.0;18.0;9.0
1079;12;63;Visual Feedback;8;3.0;22.0;14.0
1080;12;64;Visual Feedback;8;3.0;16.0;8.0
1081;12;65;Visual Feedback;7;3.0;16.0;9.0
1082;12;66;Visual Feedback;7;3.0;14.0;7.0
1083;12;67;Visual Feedback;9;3.0;14.0;5.0
1084;12;68;Visual Feedback;7;3.0;14.0;7.0
1085;12;69;Visual Feedback;7;3.0;16.0;9.0
1086;12;70;Visual Feedback;8;3.0;16.0;8.0
1087;12;71;Visual Feedback;8;3.0;14.0;6.0
1088;12;72;Visual Feedback;10;3.0;22.0;12.0
1089;12;73;Visual Feedback;8;3.0;14.0;6.0
1090;12;74;Visual Feedback;8;3.0;13.0;5.0
1091;12;75;Visual Feedback;8;3.0;22.0;14.0
1092;12;76;Visual Feedback;10;3.0;19.0;9.0
1093;12;77;Visual Feedback;11;3.0;25.0;14.0
1094;12;78;Visual Feedback;8;3.0;19.0;11.0
1095;12;79;Visual Feedback;8;3.0;17.0;9.0
1096;12;80;Visual Feedback;8;3.0;18.0;10.0
1097;12;81;Visual Feedback;8;3.0;14.0;6.0
1098;12;82;Visual Feedback;8;3.0;16.0;8.0
1099;12;83;Visual Feedback;8;3.0;13.0;5.0
1100;13;-8;Combined Feedback;21;;;
1101;13;-7;Combined Feedback;13;;;
1102;13;-6;Visual Feedback;11;;;
1103;13;-5;Visual Feedback;10;;;
1104;13;-4;Tactile Feedback;10;;;
1105;13;-3;Tactile Feedback;7;;;
1106;13;-2;No Feedback;12;;;
1107;13;-1;No Feedback;7;;;
1108;13;0;Tactile Feedback;7;-4.0;18.0;11.0
1109;13;0;Tactile Feedback;7;-4.0;18.0;11.0
1110;13;0;Tactile Feedback;7;-3.0;18.0;11.0
1111;13;0;Tactile Feedback;7;-3.0;18.0;11.0
1112;13;0;Tactile Feedback;7;-2.0;18.0;11.0
1113;13;0;Tactile Feedback;7;-2.0;18.0;11.0
1114;13;0;Tactile Feedback;7;-1.0;18.0;11.0
1115;13;0;Tactile Feedback;7;-1.0;18.0;11.0
1116;13;0;Tactile Feedback;7;0.0;18.0;11.0
1117;13;1;Tactile Feedback;8;0.0;18.0;10.0
1118;13;2;Tactile Feedback;11;0.0;24.0;13.0
1119;13;3;Tactile Feedback;7;0.0;14.0;7.0
1120;13;4;Tactile Feedback;8;0.0;27.0;19.0
1121;13;5;Tactile Feedback;8;0.0;18.0;10.0
1122;13;6;Tactile Feedback;8;0.0;22.0;14.0
1123;13;7;Tactile Feedback;9;0.0;22.0;13.0
1124;13;8;Tactile Feedback;8;0.0;14.0;6.0
1125;13;9;Tactile Feedback;9;0.0;20.0;11.0
1126;13;10;Tactile Feedback;7;0.0;15.0;8.0
1127;13;11;Tactile Feedback;7;0.0;18.0;11.0
1128;13;12;Tactile Feedback;9;0.0;25.0;16.0
1129;13;13;Tactile Feedback;7;0.0;16.0;9.0
1130;13;14;Tactile Feedback;11;0.0;24.0;13.0
1131;13;15;Tactile Feedback;7;0.0;14.0;7.0
1132;13;16;Tactile Feedback;7;0.0;21.0;14.0
1133;13;17;Tactile Feedback;7;0.0;27.0;20.0
1134;13;18;Tactile Feedback;13;0.0;48.0;35.0
1135;13;19;Tactile Feedback;12;0.0;28.0;16.0
1136;13;20;Tactile Feedback;12;0.0;36.0;24.0
1137;13;21;No Feedback;8;1.0;14.0;6.0
1138;13;22;No Feedback;7;1.0;17.0;10.0
1139;13;23;No Feedback;7;1.0;30.0;23.0
1140;13;24;No Feedback;8;1.0;19.0;11.0
1141;13;25;No Feedback;7;1.0;16.0;9.0
1142;13;26;No Feedback;7;1.0;22.0;15.0
1143;13;27;No Feedback;7;1.0;17.0;10.0
1144;13;28;No Feedback;12;1.0;30.0;18.0
1145;13;29;No Feedback;7;1.0;16.0;9.0
1146;13;30;No Feedback;7;1.0;18.0;11.0
1147;13;31;No Feedback;10;1.0;29.0;19.0
1148;13;32;No Feedback;7;1.0;26.0;19.0
1149;13;33;No Feedback;7;1.0;20.0;13.0
1150;13;34;No Feedback;9;1.0;24.0;15.0
1151;13;35;No Feedback;6;1.0;28.0;22.0
1152;13;36;No Feedback;9;1.0;21.0;12.0
1153;13;37;No Feedback;7;1.0;21.0;14.0
1154;13;38;No Feedback;7;1.0;28.0;21.0
1155;13;39;No Feedback;8;1.0;30.0;22.0
1156;13;40;No Feedback;7;1.0;22.0;15.0
1157;13;41;No Feedback;9;1.0;26.0;17.0
1158;13;42;Visual Feedback;8;2.0;16.0;8.0
1159;13;43;Visual Feedback;7;2.0;16.0;9.0
1160;13;44;Visual Feedback;7;2.0;15.0;8.0
1161;13;45;Visual Feedback;6;2.0;16.0;10.0
1162;13;46;Visual Feedback;7;2.0;18.0;11.0
1163;13;47;Visual Feedback;11;2.0;28.0;17.0
1164;13;48;Visual Feedback;7;2.0;17.0;10.0
1165;13;49;Visual Feedback;9;2.0;22.0;13.0
1166;13;50;Visual Feedback;7;2.0;14.0;7.0
1167;13;51;Visual Feedback;10;2.0;14.0;4.0
1168;13;52;Visual Feedback;7;2.0;17.0;10.0
1169;13;53;Visual Feedback;9;2.0;18.0;9.0
1170;13;54;Visual Feedback;7;2.0;13.0;6.0
1171;13;55;Visual Feedback;7;2.0;14.0;7.0
1172;13;56;Visual Feedback;8;2.0;14.0;6.0
1173;13;57;Visual Feedback;13;2.0;27.0;14.0
1174;13;58;Visual Feedback;8;2.0;13.0;5.0
1175;13;59;Visual Feedback;12;2.0;20.0;8.0
1176;13;60;Visual Feedback;7;2.0;12.0;5.0
1177;13;61;Visual Feedback;7;2.0;13.0;6.0
1178;13;62;Visual Feedback;8;2.0;18.0;10.0
1179;13;63;Combined Feedback;8;3.0;12.0;4.0
1180;13;64;Combined Feedback;10;3.0;28.0;18.0
1181;13;65;Combined Feedback;7;3.0;18.0;11.0
1182;13;66;Combined Feedback;8;3.0;14.0;6.0
1183;13;67;Combined Feedback;7;3.0;12.0;5.0
1184;13;68;Combined Feedback;7;3.0;13.0;6.0
1185;13;69;Combined Feedback;12;3.0;26.0;14.0
1186;13;70;Combined Feedback;9;3.0;14.0;5.0
1187;13;71;Combined Feedback;8;3.0;16.0;8.0
1188;13;72;Combined Feedback;8;3.0;16.0;8.0
1189;13;73;Combined Feedback;7;3.0;15.0;8.0
1190;13;74;Combined Feedback;7;3.0;13.0;6.0
1191;13;75;Combined Feedback;7;3.0;14.0;7.0
1192;13;76;Combined Feedback;8;3.0;16.0;8.0
1193;13;77;Combined Feedback;7;3.0;14.0;7.0
1194;13;78;Combined Feedback;6;3.0;13.0;7.0
1195;13;79;Combined Feedback;10;3.0;22.0;12.0
1196;13;80;Combined Feedback;12;3.0;28.0;16.0
1197;13;81;Combined Feedback;6;3.0;13.0;7.0
1198;13;82;Combined Feedback;7;3.0;13.0;6.0
1199;13;83;Combined Feedback;11;3.0;16.0;5.0
1200;14;-8;Combined Feedback;13;;;
1201;14;-7;Combined Feedback;7;;;
1202;14;-6;Visual Feedback;14;;;
1203;14;-5;Visual Feedback;23;;;
1204;14;-4;Tactile Feedback;15;;;
1205;14;-3;Tactile Feedback;11;;;
1206;14;-2;No Feedback;12;;;
1207;14;-1;No Feedback;13;;;
1208;14;0;Visual Feedback;9;-4.0;11.0;2.0
1209;14;0;Visual Feedback;9;-4.0;11.0;2.0
1210;14;0;Visual Feedback;9;-3.0;11.0;2.0
1211;14;0;Visual Feedback;9;-3.0;11.0;2.0
1212;14;0;Visual Feedback;9;-2.0;11.0;2.0
1213;14;0;Visual Feedback;9;-2.0;11.0;2.0
1214;14;0;Visual Feedback;9;-1.0;11.0;2.0
1215;14;0;Visual Feedback;9;-1.0;11.0;2.0
1216;14;0;Visual Feedback;9;0.0;11.0;2.0
1217;14;1;Visual Feedback;7;0.0;12.0;5.0
1218;14;2;Visual Feedback;18;0.0;19.0;1.0
1219;14;3;Visual Feedback;11;0.0;16.0;5.0
1220;14;4;Visual Feedback;11;0.0;15.0;4.0
1221;14;5;Visual Feedback;14;0.0;22.0;8.0
1222;14;6;Visual Feedback;12;0.0;18.0;6.0
1223;14;7;Visual Feedback;9;0.0;13.0;4.0
1224;14;8;Visual Feedback;8;0.0;19.0;11.0
1225;14;9;Visual Feedback;8;0.0;16.0;8.0
1226;14;10;Visual Feedback;11;0.0;16.0;5.0
1227;14;11;Visual Feedback;8;0.0;12.0;4.0
1228;14;12;Visual Feedback;10;0.0;15.0;5.0
1229;14;13;Visual Feedback;7;0.0;12.0;5.0
1230;14;14;Visual Feedback;7;0.0;16.0;9.0
1231;14;15;Visual Feedback;9;0.0;20.0;11.0
1232;14;16;Visual Feedback;12;0.0;18.0;6.0
1233;14;17;Visual Feedback;15;0.0;22.0;7.0
1234;14;18;Visual Feedback;12;0.0;12.0;0.0
1235;14;19;Visual Feedback;8;0.0;16.0;8.0
1236;14;20;Visual Feedback;15;0.0;16.0;1.0
1237;14;21;Tactile Feedback;13;1.0;20.0;7.0
1238;14;22;Tactile Feedback;8;1.0;15.0;7.0
1239;14;23;Tactile Feedback;7;1.0;13.0;6.0
1240;14;24;Tactile Feedback;8;1.0;19.0;11.0
1241;14;25;Tactile Feedback;10;1.0;18.0;8.0
1242;14;26;Tactile Feedback;12;1.0;43.0;31.0
1243;14;27;Tactile Feedback;11;1.0;16.0;5.0
1244;14;28;Tactile Feedback;9;1.0;25.0;16.0
1245;14;29;Tactile Feedback;14;1.0;22.0;8.0
1246;14;30;Tactile Feedback;7;1.0;11.0;4.0
1247;14;31;Tactile Feedback;9;1.0;13.0;4.0
1248;14;32;Tactile Feedback;13;1.0;15.0;2.0
1249;14;33;Tactile Feedback;16;1.0;38.0;22.0
1250;14;34;Tactile Feedback;15;1.0;31.0;16.0
1251;14;35;Tactile Feedback;6;1.0;15.0;9.0
1252;14;36;Tactile Feedback;9;1.0;14.0;5.0
1253;14;37;Tactile Feedback;13;1.0;22.0;9.0
1254;14;38;Tactile Feedback;18;1.0;27.0;9.0
1255;14;39;Tactile Feedback;15;1.0;25.0;10.0
1256;14;40;Tactile Feedback;11;1.0;21.0;10.0
1257;14;41;Tactile Feedback;11;1.0;31.0;20.0
1258;14;42;Combined Feedback;8;2.0;11.0;3.0
1259;14;43;Combined Feedback;8;2.0;16.0;8.0
1260;14;44;Combined Feedback;10;2.0;17.0;7.0
1261;14;45;Combined Feedback;17;2.0;18.0;1.0
1262;14;46;Combined Feedback;9;2.0;14.0;5.0
1263;14;47;Combined Feedback;7;2.0;11.0;4.0
1264;14;48;Combined Feedback;7;2.0;12.0;5.0
1265;14;49;Combined Feedback;10;2.0;17.0;7.0
1266;14;50;Combined Feedback;9;2.0;10.0;1.0
1267;14;51;Combined Feedback;9;2.0;12.0;3.0
1268;14;52;Combined Feedback;9;2.0;11.0;2.0
1269;14;53;Combined Feedback;8;2.0;11.0;3.0
1270;14;54;Combined Feedback;13;2.0;16.0;3.0
1271;14;55;Combined Feedback;9;2.0;14.0;5.0
1272;14;56;Combined Feedback;7;2.0;14.0;7.0
1273;14;57;Combined Feedback;9;2.0;14.0;5.0
1274;14;58;Combined Feedback;7;2.0;11.0;4.0
1275;14;59;Combined Feedback;8;2.0;17.0;9.0
1276;14;60;Combined Feedback;8;2.0;18.0;10.0
1277;14;61;Combined Feedback;8;2.0;10.0;2.0
1278;14;62;Combined Feedback;8;2.0;10.0;2.0
1279;14;63;No Feedback;11;3.0;20.0;9.0
1280;14;64;No Feedback;13;3.0;29.0;16.0
1281;14;65;No Feedback;12;3.0;30.0;18.0
1282;14;66;No Feedback;9;3.0;13.0;4.0
1283;14;67;No Feedback;14;3.0;24.0;10.0
1284;14;68;No Feedback;10;3.0;19.0;9.0
1285;14;69;No Feedback;8;3.0;12.0;4.0
1286;14;70;No Feedback;10;3.0;15.0;5.0
1287;14;71;No Feedback;15;3.0;36.0;21.0
1288;14;72;No Feedback;10;3.0;18.0;8.0
1289;14;73;No Feedback;12;3.0;33.0;21.0
1290;14;74;No Feedback;9;3.0;14.0;5.0
1291;14;75;No Feedback;13;3.0;19.0;6.0
1292;14;76;No Feedback;8;3.0;15.0;7.0
1293;14;77;No Feedback;7;3.0;14.0;7.0
1294;14;78;No Feedback;9;3.0;32.0;23.0
1295;14;79;No Feedback;12;3.0;89.0;77.0
1296;14;80;No Feedback;8;3.0;18.0;10.0
1297;14;81;No Feedback;9;3.0;20.0;11.0
1298;14;82;No Feedback;8;3.0;12.0;4.0
1299;14;83;No Feedback;14;3.0;25.0;11.0
1300;15;-8;Combined Feedback;18;;;
1301;15;-7;Combined Feedback;12;;;
1302;15;-6;Visual Feedback;9;;;
1303;15;-5;Visual Feedback;10;;;
1304;15;-4;Tactile Feedback;12;;;
1305;15;-3;Tactile Feedback;8;;;
1306;15;-2;No Feedback;7;;;
1307;15;-1;No Feedback;7;;;
1308;15;0;Visual Feedback;7;-4.0;12.0;5.0
1309;15;0;Visual Feedback;7;-4.0;12.0;5.0
1310;15;0;Visual Feedback;7;-3.0;12.0;5.0
1311;15;0;Visual Feedback;7;-3.0;12.0;5.0
1312;15;0;Visual Feedback;7;-2.0;12.0;5.0
1313;15;0;Visual Feedback;7;-2.0;12.0;5.0
1314;15;0;Visual Feedback;7;-1.0;12.0;5.0
1315;15;0;Visual Feedback;7;-1.0;12.0;5.0
1316;15;0;Visual Feedback;7;0.0;12.0;5.0
1317;15;1;Visual Feedback;9;0.0;17.0;8.0
1318;15;2;Visual Feedback;8;0.0;17.0;9.0
1319;15;3;Visual Feedback;7;0.0;13.0;6.0
1320;15;4;Visual Feedback;7;0.0;11.0;4.0
1321;15;5;Visual Feedback;7;0.0;12.0;5.0
1322;15;6;Visual Feedback;17;0.0;28.0;11.0
1323;15;7;Visual Feedback;10;0.0;19.0;9.0
1324;15;8;Visual Feedback;8;0.0;16.0;8.0
1325;15;9;Visual Feedback;7;0.0;14.0;7.0
1326;15;10;Visual Feedback;8;0.0;17.0;9.0
1327;15;11;Visual Feedback;7;0.0;12.0;5.0
1328;15;12;Visual Feedback;13;0.0;14.0;1.0
1329;15;13;Visual Feedback;8;0.0;15.0;7.0
1330;15;14;Visual Feedback;8;0.0;13.0;5.0
1331;15;15;Visual Feedback;9;0.0;20.0;11.0
1332;15;16;Visual Feedback;8;0.0;12.0;4.0
1333;15;17;Visual Feedback;11;0.0;15.0;4.0
1334;15;18;Visual Feedback;10;0.0;21.0;11.0
1335;15;19;Visual Feedback;7;0.0;12.0;5.0
1336;15;20;Visual Feedback;10;0.0;21.0;11.0
1337;15;21;No Feedback;8;1.0;14.0;6.0
1338;15;22;No Feedback;8;1.0;25.0;17.0
1339;15;23;No Feedback;8;1.0;17.0;9.0
1340;15;24;No Feedback;8;1.0;19.0;11.0
1341;15;25;No Feedback;8;1.0;21.0;13.0
1342;15;26;No Feedback;8;1.0;20.0;12.0
1343;15;27;No Feedback;9;1.0;18.0;9.0
1344;15;28;No Feedback;9;1.0;24.0;15.0
1345;15;29;No Feedback;8;1.0;28.0;20.0
1346;15;30;No Feedback;15;1.0;53.0;38.0
1347;15;31;No Feedback;8;1.0;20.0;12.0
1348;15;32;No Feedback;12;1.0;46.0;34.0
1349;15;33;No Feedback;8;1.0;17.0;9.0
1350;15;34;No Feedback;7;1.0;15.0;8.0
1351;15;35;No Feedback;7;1.0;14.0;7.0
1352;15;36;No Feedback;9;1.0;35.0;26.0
1353;15;37;No Feedback;7;1.0;26.0;19.0
1354;15;38;No Feedback;11;1.0;42.0;31.0
1355;15;39;No Feedback;7;1.0;12.0;5.0
1356;15;40;No Feedback;7;1.0;22.0;15.0
1357;15;41;No Feedback;8;1.0;12.0;4.0
1358;15;42;Combined Feedback;14;2.0;27.0;13.0
1359;15;43;Combined Feedback;7;2.0;10.0;3.0
1360;15;44;Combined Feedback;8;2.0;12.0;4.0
1361;15;45;Combined Feedback;8;2.0;11.0;3.0
1362;15;46;Combined Feedback;7;2.0;14.0;7.0
1363;15;47;Combined Feedback;13;2.0;14.0;1.0
1364;15;48;Combined Feedback;8;2.0;16.0;8.0
1365;15;49;Combined Feedback;9;2.0;17.0;8.0
1366;15;50;Combined Feedback;11;2.0;16.0;5.0
1367;15;51;Combined Feedback;11;2.0;30.0;19.0
1368;15;52;Combined Feedback;8;2.0;18.0;10.0
1369;15;53;Combined Feedback;11;2.0;25.0;14.0
1370;15;54;Combined Feedback;10;2.0;20.0;10.0
1371;15;55;Combined Feedback;7;2.0;12.0;5.0
1372;15;56;Combined Feedback;8;2.0;10.0;2.0
1373;15;57;Combined Feedback;7;2.0;13.0;6.0
1374;15;58;Combined Feedback;8;2.0;16.0;8.0
1375;15;59;Combined Feedback;7;2.0;11.0;4.0
1376;15;60;Combined Feedback;8;2.0;11.0;3.0
1377;15;61;Combined Feedback;7;2.0;12.0;5.0
1378;15;62;Combined Feedback;7;2.0;11.0;4.0
1379;15;63;Tactile Feedback;9;3.0;31.0;22.0
1380;15;64;Tactile Feedback;6;3.0;10.0;4.0
1381;15;65;Tactile Feedback;7;3.0;18.0;11.0
1382;15;66;Tactile Feedback;7;3.0;20.0;13.0
1383;15;67;Tactile Feedback;7;3.0;13.0;6.0
1384;15;68;Tactile Feedback;12;3.0;34.0;22.0
1385;15;69;Tactile Feedback;8;3.0;23.0;15.0
1386;15;70;Tactile Feedback;8;3.0;24.0;16.0
1387;15;71;Tactile Feedback;11;3.0;36.0;25.0
1388;15;72;Tactile Feedback;7;3.0;13.0;6.0
1389;15;73;Tactile Feedback;13;3.0;39.0;26.0
1390;15;74;Tactile Feedback;8;3.0;19.0;11.0
1391;15;75;Tactile Feedback;9;3.0;21.0;12.0
1392;15;76;Tactile Feedback;7;3.0;10.0;3.0
1393;15;77;Tactile Feedback;11;3.0;27.0;16.0
1394;15;78;Tactile Feedback;10;3.0;34.0;24.0
1395;15;79;Tactile Feedback;8;3.0;28.0;20.0
1396;15;80;Tactile Feedback;7;3.0;12.0;5.0
1397;15;81;Tactile Feedback;8;3.0;20.0;12.0
1398;15;82;Tactile Feedback;10;3.0;35.0;25.0
1399;15;83;Tactile Feedback;8;3.0;14.0;6.0
1400;16;-8;Combined Feedback;9;;;
1401;16;-7;Combined Feedback;13;;;
1402;16;-6;Visual Feedback;13;;;
1403;16;-5;Visual Feedback;7;;;
1404;16;-4;Tactile Feedback;14;;;
1405;16;-3;Tactile Feedback;15;;;
1406;16;-2;No Feedback;9;;;
1407;16;-1;No Feedback;9;;;
1408;16;0;No Feedback;9;-4.0;25.0;16.0
1409;16;0;No Feedback;9;-4.0;25.0;16.0
1410;16;0;No Feedback;9;-3.0;25.0;16.0
1411;16;0;No Feedback;9;-3.0;25.0;16.0
1412;16;0;No Feedback;9;-2.0;25.0;16.0
1413;16;0;No Feedback;9;-2.0;25.0;16.0
1414;16;0;No Feedback;9;-1.0;25.0;16.0
1415;16;0;No Feedback;9;-1.0;25.0;16.0
1416;16;0;No Feedback;9;0.0;25.0;16.0
1417;16;1;No Feedback;20;0.0;49.0;29.0
1418;16;2;No Feedback;11;0.0;53.0;42.0
1419;16;3;No Feedback;8;0.0;34.0;26.0
1420;16;4;No Feedback;10;0.0;23.0;13.0
1421;16;5;No Feedback;14;0.0;48.0;34.0
1422;16;6;No Feedback;10;0.0;32.0;22.0
1423;16;7;No Feedback;9;0.0;21.0;12.0
1424;16;8;No Feedback;7;0.0;31.0;24.0
1425;16;9;No Feedback;7;0.0;35.0;28.0
1426;16;10;No Feedback;7;0.0;26.0;19.0
1427;16;11;No Feedback;9;0.0;39.0;30.0
1428;16;12;No Feedback;10;0.0;33.0;23.0
1429;16;13;No Feedback;7;0.0;26.0;19.0
1430;16;14;No Feedback;10;0.0;19.0;9.0
1431;16;15;No Feedback;7;0.0;18.0;11.0
1432;16;16;No Feedback;14;0.0;40.0;26.0
1433;16;17;No Feedback;10;0.0;28.0;18.0
1434;16;18;No Feedback;8;0.0;32.0;24.0
1435;16;19;No Feedback;7;0.0;36.0;29.0
1436;16;20;No Feedback;5;0.0;34.0;29.0
1437;16;21;Tactile Feedback;13;1.0;29.0;16.0
1438;16;22;Tactile Feedback;8;1.0;24.0;16.0
1439;16;23;Tactile Feedback;10;1.0;25.0;15.0
1440;16;24;Tactile Feedback;15;1.0;42.0;27.0
1441;16;25;Tactile Feedback;9;1.0;32.0;23.0
1442;16;26;Tactile Feedback;9;1.0;27.0;18.0
1443;16;27;Tactile Feedback;10;1.0;40.0;30.0
1444;16;28;Tactile Feedback;9;1.0;21.0;12.0
1445;16;29;Tactile Feedback;11;1.0;29.0;18.0
1446;16;30;Tactile Feedback;11;1.0;74.0;63.0
1447;16;31;Tactile Feedback;7;1.0;14.0;7.0
1448;16;32;Tactile Feedback;8;1.0;15.0;7.0
1449;16;33;Tactile Feedback;8;1.0;24.0;16.0
1450;16;34;Tactile Feedback;12;1.0;26.0;14.0
1451;16;35;Tactile Feedback;8;1.0;20.0;12.0
1452;16;36;Tactile Feedback;10;1.0;32.0;22.0
1453;16;37;Tactile Feedback;10;1.0;17.0;7.0
1454;16;38;Tactile Feedback;8;1.0;22.0;14.0
1455;16;39;Tactile Feedback;8;1.0;40.0;32.0
1456;16;40;Tactile Feedback;7;1.0;18.0;11.0
1457;16;41;Tactile Feedback;8;1.0;16.0;8.0
1458;16;42;Visual Feedback;8;2.0;14.0;6.0
1459;16;43;Visual Feedback;10;2.0;26.0;16.0
1460;16;44;Visual Feedback;9;2.0;14.0;5.0
1461;16;45;Visual Feedback;10;2.0;16.0;6.0
1462;16;46;Visual Feedback;14;2.0;14.0;0.0
1463;16;47;Visual Feedback;9;2.0;13.0;4.0
1464;16;48;Visual Feedback;13;2.0;16.0;3.0
1465;16;49;Visual Feedback;7;2.0;15.0;8.0
1466;16;50;Visual Feedback;9;2.0;22.0;13.0
1467;16;51;Visual Feedback;7;2.0;14.0;7.0
1468;16;52;Visual Feedback;9;2.0;24.0;15.0
1469;16;53;Visual Feedback;10;2.0;20.0;10.0
1470;16;54;Visual Feedback;8;2.0;26.0;18.0
1471;16;55;Visual Feedback;7;2.0;16.0;9.0
1472;16;56;Visual Feedback;7;2.0;14.0;7.0
1473;16;57;Visual Feedback;19;2.0;28.0;9.0
1474;16;58;Visual Feedback;10;2.0;13.0;3.0
1475;16;59;Visual Feedback;8;2.0;14.0;6.0
1476;16;60;Visual Feedback;7;2.0;14.0;7.0
1477;16;61;Visual Feedback;7;2.0;14.0;7.0
1478;16;62;Visual Feedback;9;2.0;20.0;11.0
1479;16;63;Combined Feedback;10;3.0;16.0;6.0
1480;16;64;Combined Feedback;14;3.0;26.0;12.0
1481;16;65;Combined Feedback;9;3.0;19.0;10.0
1482;16;66;Combined Feedback;9;3.0;13.0;4.0
1483;16;67;Combined Feedback;8;3.0;13.0;5.0
1484;16;68;Combined Feedback;10;3.0;17.0;7.0
1485;16;69;Combined Feedback;11;3.0;24.0;13.0
1486;16;70;Combined Feedback;14;3.0;21.0;7.0
1487;16;71;Combined Feedback;8;3.0;18.0;10.0
1488;16;72;Combined Feedback;8;3.0;13.0;5.0
1489;16;73;Combined Feedback;9;3.0;19.0;10.0
1490;16;74;Combined Feedback;7;3.0;15.0;8.0
1491;16;75;Combined Feedback;9;3.0;13.0;4.0
1492;16;76;Combined Feedback;13;3.0;26.0;13.0
1493;16;77;Combined Feedback;12;3.0;27.0;15.0
1494;16;78;Combined Feedback;8;3.0;18.0;10.0
1495;16;79;Combined Feedback;13;3.0;24.0;11.0
1496;16;80;Combined Feedback;7;3.0;12.0;5.0
1497;16;81;Combined Feedback;15;3.0;31.0;16.0
1498;16;82;Combined Feedback;15;3.0;34.0;19.0
1499;16;83;Combined Feedback;8;3.0;16.0;8.0
1500;17;-8;Combined Feedback;16;;;
1501;17;-7;Combined Feedback;9;;;
1502;17;-6;Visual Feedback;8;;;
1503;17;-5;Visual Feedback;10;;;
1504;17;-4;Tactile Feedback;10;;;
1505;17;-3;Tactile Feedback;17;;;
1506;17;-2;No Feedback;13;;;
1507;17;-1;No Feedback;8;;;
1508;17;0;No Feedback;7;-4.0;14.0;7.0
1509;17;0;No Feedback;7;-4.0;14.0;7.0
1510;17;0;No Feedback;7;-3.0;14.0;7.0
1511;17;0;No Feedback;7;-3.0;14.0;7.0
1512;17;0;No Feedback;7;-2.0;14.0;7.0
1513;17;0;No Feedback;7;-2.0;14.0;7.0
1514;17;0;No Feedback;7;-1.0;14.0;7.0
1515;17;0;No Feedback;7;-1.0;14.0;7.0
1516;17;0;No Feedback;7;0.0;14.0;7.0
1517;17;1;No Feedback;8;0.0;18.0;10.0
1518;17;2;No Feedback;7;0.0;14.0;7.0
1519;17;3;No Feedback;16;0.0;23.0;7.0
1520;17;4;No Feedback;16;0.0;24.0;8.0
1521;17;5;No Feedback;6;0.0;14.0;8.0
1522;17;6;No Feedback;12;0.0;15.0;3.0
1523;17;7;No Feedback;9;0.0;14.0;5.0
1524;17;8;No Feedback;7;0.0;14.0;7.0
1525;17;9;No Feedback;7;0.0;14.0;7.0
1526;17;10;No Feedback;13;0.0;14.0;1.0
1527;17;11;No Feedback;13;0.0;18.0;5.0
1528;17;12;No Feedback;14;0.0;23.0;9.0
1529;17;13;No Feedback;7;0.0;14.0;7.0
1530;17;14;No Feedback;23;0.0;47.0;24.0
1531;17;15;No Feedback;6;0.0;14.0;8.0
1532;17;16;No Feedback;12;0.0;30.0;18.0
1533;17;17;No Feedback;10;0.0;22.0;12.0
1534;17;18;No Feedback;7;0.0;14.0;7.0
1535;17;19;No Feedback;14;0.0;27.0;13.0
1536;17;20;No Feedback;7;0.0;13.0;6.0
1537;17;21;Tactile Feedback;12;1.0;18.0;6.0
1538;17;22;Tactile Feedback;10;1.0;14.0;4.0
1539;17;23;Tactile Feedback;8;1.0;14.0;6.0
1540;17;24;Tactile Feedback;9;1.0;24.0;15.0
1541;17;25;Tactile Feedback;8;1.0;19.0;11.0
1542;17;26;Tactile Feedback;13;1.0;29.0;16.0
1543;17;27;Tactile Feedback;6;1.0;16.0;10.0
1544;17;28;Tactile Feedback;7;1.0;13.0;6.0
1545;17;29;Tactile Feedback;9;1.0;16.0;7.0
1546;17;30;Tactile Feedback;16;1.0;29.0;13.0
1547;17;31;Tactile Feedback;14;1.0;27.0;13.0
1548;17;32;Tactile Feedback;15;1.0;39.0;24.0
1549;17;33;Tactile Feedback;12;1.0;13.0;1.0
1550;17;34;Tactile Feedback;9;1.0;14.0;5.0
1551;17;35;Tactile Feedback;13;1.0;19.0;6.0
1552;17;36;Tactile Feedback;8;1.0;13.0;5.0
1553;17;37;Tactile Feedback;12;1.0;20.0;8.0
1554;17;38;Tactile Feedback;16;1.0;28.0;12.0
1555;17;39;Tactile Feedback;9;1.0;14.0;5.0
1556;17;40;Tactile Feedback;9;1.0;16.0;7.0
1557;17;41;Tactile Feedback;8;1.0;14.0;6.0
1558;17;42;Visual Feedback;14;2.0;14.0;0.0
1559;17;43;Visual Feedback;10;2.0;14.0;4.0
1560;17;44;Visual Feedback;7;2.0;16.0;9.0
1561;17;45;Visual Feedback;11;2.0;22.0;11.0
1562;17;46;Visual Feedback;14;2.0;14.0;0.0
1563;17;47;Visual Feedback;12;2.0;14.0;2.0
1564;17;48;Visual Feedback;7;2.0;14.0;7.0
1565;17;49;Visual Feedback;8;2.0;14.0;6.0
1566;17;50;Visual Feedback;11;2.0;14.0;3.0
1567;17;51;Visual Feedback;14;2.0;21.0;7.0
1568;17;52;Visual Feedback;9;2.0;22.0;13.0
1569;17;53;Visual Feedback;8;2.0;13.0;5.0
1570;17;54;Visual Feedback;8;2.0;14.0;6.0
1571;17;55;Visual Feedback;7;2.0;14.0;7.0
1572;17;56;Visual Feedback;7;2.0;14.0;7.0
1573;17;57;Visual Feedback;9;2.0;14.0;5.0
1574;17;58;Visual Feedback;7;2.0;13.0;6.0
1575;17;59;Visual Feedback;10;2.0;14.0;4.0
1576;17;60;Visual Feedback;7;2.0;13.0;6.0
1577;17;61;Visual Feedback;7;2.0;14.0;7.0
1578;17;62;Visual Feedback;13;2.0;14.0;1.0
1579;17;63;Combined Feedback;8;3.0;14.0;6.0
1580;17;64;Combined Feedback;9;3.0;14.0;5.0
1581;17;65;Combined Feedback;8;3.0;13.0;5.0
1582;17;66;Combined Feedback;10;3.0;14.0;4.0
1583;17;67;Combined Feedback;7;3.0;14.0;7.0
1584;17;68;Combined Feedback;11;3.0;20.0;9.0
1585;17;69;Combined Feedback;7;3.0;14.0;7.0
1586;17;70;Combined Feedback;8;3.0;16.0;8.0
1587;17;71;Combined Feedback;8;3.0;14.0;6.0
1588;17;72;Combined Feedback;9;3.0;14.0;5.0
1589;17;73;Combined Feedback;15;3.0;20.0;5.0
1590;17;74;Combined Feedback;8;3.0;19.0;11.0
1591;17;75;Combined Feedback;10;3.0;17.0;7.0
1592;17;76;Combined Feedback;10;3.0;18.0;8.0
1593;17;77;Combined Feedback;10;3.0;19.0;9.0
1594;17;78;Combined Feedback;8;3.0;16.0;8.0
1595;17;79;Combined Feedback;13;3.0;22.0;9.0
1596;17;80;Combined Feedback;14;3.0;30.0;16.0
1597;17;81;Combined Feedback;10;3.0;15.0;5.0
1598;17;82;Combined Feedback;11;3.0;15.0;4.0
1599;17;83;Combined Feedback;10;3.0;21.0;11.0
1600;18;-8;Combined Feedback;13;;;
1601;18;-7;Combined Feedback;10;;;
1602;18;-6;Visual Feedback;10;;;
1603;18;-5;Visual Feedback;7;;;
1604;18;-4;Tactile Feedback;10;;;
1605;18;-3;Tactile Feedback;12;;;
1606;18;-2;No Feedback;10;;;
1607;18;-1;No Feedback;8;;;
1608;18;0;Tactile Feedback;9;-4.0;14.0;5.0
1609;18;0;Tactile Feedback;9;-4.0;14.0;5.0
1610;18;0;Tactile Feedback;9;-3.0;14.0;5.0
1611;18;0;Tactile Feedback;9;-3.0;14.0;5.0
1612;18;0;Tactile Feedback;9;-2.0;14.0;5.0
1613;18;0;Tactile Feedback;9;-2.0;14.0;5.0
1614;18;0;Tactile Feedback;9;-1.0;14.0;5.0
1615;18;0;Tactile Feedback;9;-1.0;14.0;5.0
1616;18;0;Tactile Feedback;9;0.0;14.0;5.0
1617;18;1;Tactile Feedback;13;0.0;38.0;25.0
1618;18;2;Tactile Feedback;11;0.0;27.0;16.0
1619;18;3;Tactile Feedback;7;0.0;26.0;19.0
1620;18;4;Tactile Feedback;16;0.0;46.0;30.0
1621;18;5;Tactile Feedback;7;0.0;22.0;15.0
1622;18;6;Tactile Feedback;7;0.0;17.0;10.0
1623;18;7;Tactile Feedback;8;0.0;25.0;17.0
1624;18;8;Tactile Feedback;8;0.0;21.0;13.0
1625;18;9;Tactile Feedback;9;0.0;21.0;12.0
1626;18;10;Tactile Feedback;10;0.0;42.0;32.0
1627;18;11;Tactile Feedback;8;0.0;19.0;11.0
1628;18;12;Tactile Feedback;13;0.0;37.0;24.0
1629;18;13;Tactile Feedback;8;0.0;13.0;5.0
1630;18;14;Tactile Feedback;7;0.0;22.0;15.0
1631;18;15;Tactile Feedback;7;0.0;14.0;7.0
1632;18;16;Tactile Feedback;9;0.0;16.0;7.0
1633;18;17;Tactile Feedback;8;0.0;19.0;11.0
1634;18;18;Tactile Feedback;16;0.0;44.0;28.0
1635;18;19;Tactile Feedback;8;0.0;22.0;14.0
1636;18;20;Tactile Feedback;7;0.0;21.0;14.0
1637;18;21;Combined Feedback;13;1.0;24.0;11.0
1638;18;22;Combined Feedback;7;1.0;12.0;5.0
1639;18;23;Combined Feedback;8;1.0;13.0;5.0
1640;18;24;Combined Feedback;7;1.0;12.0;5.0
1641;18;25;Combined Feedback;16;1.0;24.0;8.0
1642;18;26;Combined Feedback;9;1.0;13.0;4.0
1643;18;27;Combined Feedback;12;1.0;29.0;17.0
1644;18;28;Combined Feedback;7;1.0;13.0;6.0
1645;18;29;Combined Feedback;7;1.0;13.0;6.0
1646;18;30;Combined Feedback;15;1.0;20.0;5.0
1647;18;31;Combined Feedback;10;1.0;12.0;2.0
1648;18;32;Combined Feedback;7;1.0;12.0;5.0
1649;18;33;Combined Feedback;7;1.0;15.0;8.0
1650;18;34;Combined Feedback;9;1.0;18.0;9.0
1651;18;35;Combined Feedback;7;1.0;16.0;9.0
1652;18;36;Combined Feedback;9;1.0;15.0;6.0
1653;18;37;Combined Feedback;7;1.0;12.0;5.0
1654;18;38;Combined Feedback;7;1.0;14.0;7.0
1655;18;39;Combined Feedback;10;1.0;17.0;7.0
1656;18;40;Combined Feedback;10;1.0;19.0;9.0
1657;18;41;Combined Feedback;10;1.0;18.0;8.0
1658;18;42;Visual Feedback;12;2.0;19.0;7.0
1659;18;43;Visual Feedback;7;2.0;11.0;4.0
1660;18;44;Visual Feedback;8;2.0;12.0;4.0
1661;18;45;Visual Feedback;7;2.0;12.0;5.0
1662;18;46;Visual Feedback;7;2.0;13.0;6.0
1663;18;47;Visual Feedback;7;2.0;12.0;5.0
1664;18;48;Visual Feedback;7;2.0;12.0;5.0
1665;18;49;Visual Feedback;7;2.0;11.0;4.0
1666;18;50;Visual Feedback;7;2.0;10.0;3.0
1667;18;51;Visual Feedback;7;2.0;12.0;5.0
1668;18;52;Visual Feedback;6;2.0;12.0;6.0
1669;18;53;Visual Feedback;7;2.0;12.0;5.0
1670;18;54;Visual Feedback;8;2.0;10.0;2.0
1671;18;55;Visual Feedback;7;2.0;13.0;6.0
1672;18;56;Visual Feedback;10;2.0;19.0;9.0
1673;18;57;Visual Feedback;7;2.0;14.0;7.0
1674;18;58;Visual Feedback;13;2.0;18.0;5.0
1675;18;59;Visual Feedback;7;2.0;11.0;4.0
1676;18;60;Visual Feedback;7;2.0;12.0;5.0
1677;18;61;Visual Feedback;7;2.0;13.0;6.0
1678;18;62;Visual Feedback;7;2.0;12.0;5.0
1679;18;63;No Feedback;8;3.0;14.0;6.0
1680;18;64;No Feedback;7;3.0;19.0;12.0
1681;18;65;No Feedback;8;3.0;17.0;9.0
1682;18;66;No Feedback;7;3.0;12.0;5.0
1683;18;67;No Feedback;7;3.0;15.0;8.0
1684;18;68;No Feedback;7;3.0;12.0;5.0
1685;18;69;No Feedback;8;3.0;18.0;10.0
1686;18;70;No Feedback;7;3.0;18.0;11.0
1687;18;71;No Feedback;7;3.0;17.0;10.0
1688;18;72;No Feedback;8;3.0;14.0;6.0
1689;18;73;No Feedback;7;3.0;26.0;19.0
1690;18;74;No Feedback;7;3.0;16.0;9.0
1691;18;75;No Feedback;8;3.0;21.0;13.0
1692;18;76;No Feedback;8;3.0;13.0;5.0
1693;18;77;No Feedback;8;3.0;16.0;8.0
1694;18;78;No Feedback;8;3.0;23.0;15.0
1695;18;79;No Feedback;7;3.0;20.0;13.0
1696;18;80;No Feedback;7;3.0;23.0;16.0
1697;18;81;No Feedback;8;3.0;17.0;9.0
1698;18;82;No Feedback;7;3.0;16.0;9.0
1699;18;83;No Feedback;7;3.0;24.0;17.0
1700;19;-8;Combined Feedback;12;;;
1701;19;-7;Combined Feedback;12;;;
1702;19;-6;Visual Feedback;9;;;
1703;19;-5;Visual Feedback;16;;;
1704;19;-4;Tactile Feedback;12;;;
1705;19;-3;Tactile Feedback;13;;;
1706;19;-2;No Feedback;9;;;
1707;19;-1;No Feedback;12;;;
1708;19;0;No Feedback;8;-4.0;45.0;37.0
1709;19;0;No Feedback;8;-4.0;45.0;37.0
1710;19;0;No Feedback;8;-3.0;45.0;37.0
1711;19;0;No Feedback;8;-3.0;45.0;37.0
1712;19;0;No Feedback;8;-2.0;45.0;37.0
1713;19;0;No Feedback;8;-2.0;45.0;37.0
1714;19;0;No Feedback;8;-1.0;45.0;37.0
1715;19;0;No Feedback;8;-1.0;45.0;37.0
1716;19;0;No Feedback;8;0.0;45.0;37.0
1717;19;1;No Feedback;9;0.0;45.0;36.0
1718;19;2;No Feedback;13;0.0;24.0;11.0
1719;19;3;No Feedback;9;0.0;28.0;19.0
1720;19;4;No Feedback;10;0.0;25.0;15.0
1721;19;5;No Feedback;11;0.0;25.0;14.0
1722;19;6;No Feedback;11;0.0;16.0;5.0
1723;19;7;No Feedback;8;0.0;22.0;14.0
1724;19;8;No Feedback;8;0.0;28.0;20.0
1725;19;9;No Feedback;10;0.0;32.0;22.0
1726;19;10;No Feedback;8;0.0;22.0;14.0
1727;19;11;No Feedback;11;0.0;29.0;18.0
1728;19;12;No Feedback;7;0.0;20.0;13.0
1729;19;13;No Feedback;9;0.0;34.0;25.0
1730;19;14;No Feedback;9;0.0;44.0;35.0
1731;19;15;No Feedback;7;0.0;40.0;33.0
1732;19;16;No Feedback;9;0.0;26.0;17.0
1733;19;17;No Feedback;10;0.0;37.0;27.0
1734;19;18;No Feedback;14;0.0;23.0;9.0
1735;19;19;No Feedback;9;0.0;35.0;26.0
1736;19;20;No Feedback;8;0.0;21.0;13.0
1737;19;21;Tactile Feedback;12;1.0;28.0;16.0
1738;19;22;Tactile Feedback;10;1.0;27.0;17.0
1739;19;23;Tactile Feedback;9;1.0;25.0;16.0
1740;19;24;Tactile Feedback;9;1.0;26.0;17.0
1741;19;25;Tactile Feedback;9;1.0;26.0;17.0
1742;19;26;Tactile Feedback;10;1.0;22.0;12.0
1743;19;27;Tactile Feedback;8;1.0;20.0;12.0
1744;19;28;Tactile Feedback;8;1.0;22.0;14.0
1745;19;29;Tactile Feedback;8;1.0;24.0;16.0
1746;19;30;Tactile Feedback;9;1.0;40.0;31.0
1747;19;31;Tactile Feedback;11;1.0;38.0;27.0
1748;19;32;Tactile Feedback;8;1.0;20.0;12.0
1749;19;33;Tactile Feedback;9;1.0;24.0;15.0
1750;19;34;Tactile Feedback;11;1.0;17.0;6.0
1751;19;35;Tactile Feedback;10;1.0;39.0;29.0
1752;19;36;Tactile Feedback;11;1.0;26.0;15.0
1753;19;37;Tactile Feedback;7;1.0;26.0;19.0
1754;19;38;Tactile Feedback;9;1.0;32.0;23.0
1755;19;39;Tactile Feedback;9;1.0;24.0;15.0
1756;19;40;Tactile Feedback;7;1.0;24.0;17.0
1757;19;41;Tactile Feedback;12;1.0;30.0;18.0
1758;19;42;Combined Feedback;12;2.0;20.0;8.0
1759;19;43;Combined Feedback;4;2.0;15.0;11.0
1760;19;44;Combined Feedback;15;2.0;17.0;2.0
1761;19;45;Combined Feedback;9;2.0;13.0;4.0
1762;19;46;Combined Feedback;11;2.0;20.0;9.0
1763;19;47;Combined Feedback;15;2.0;16.0;1.0
1764;19;48;Combined Feedback;10;2.0;18.0;8.0
1765;19;49;Combined Feedback;11;2.0;22.0;11.0
1766;19;50;Combined Feedback;10;2.0;18.0;8.0
1767;19;51;Combined Feedback;7;2.0;16.0;9.0
1768;19;52;Combined Feedback;8;2.0;14.0;6.0
1769;19;53;Combined Feedback;10;2.0;15.0;5.0
1770;19;54;Combined Feedback;9;2.0;17.0;8.0
1771;19;55;Combined Feedback;8;2.0;18.0;10.0
1772;19;56;Combined Feedback;7;2.0;14.0;7.0
1773;19;57;Combined Feedback;10;2.0;14.0;4.0
1774;19;58;Combined Feedback;9;2.0;18.0;9.0
1775;19;59;Combined Feedback;10;2.0;24.0;14.0
1776;19;60;Combined Feedback;9;2.0;18.0;9.0
1777;19;61;Combined Feedback;9;2.0;14.0;5.0
1778;19;62;Combined Feedback;9;2.0;16.0;7.0
1779;19;63;Visual Feedback;7;3.0;14.0;7.0
1780;19;64;Visual Feedback;9;3.0;21.0;12.0
1781;19;65;Visual Feedback;7;3.0;17.0;10.0
1782;19;66;Visual Feedback;7;3.0;15.0;8.0
1783;19;67;Visual Feedback;7;3.0;18.0;11.0
1784;19;68;Visual Feedback;10;3.0;24.0;14.0
1785;19;69;Visual Feedback;7;3.0;16.0;9.0
1786;19;70;Visual Feedback;7;3.0;14.0;7.0
1787;19;71;Visual Feedback;10;3.0;17.0;7.0
1788;19;72;Visual Feedback;7;3.0;17.0;10.0
1789;19;73;Visual Feedback;9;3.0;20.0;11.0
1790;19;74;Visual Feedback;9;3.0;18.0;9.0
1791;19;75;Visual Feedback;11;3.0;26.0;15.0
1792;19;76;Visual Feedback;7;3.0;16.0;9.0
1793;19;77;Visual Feedback;8;3.0;16.0;8.0
1794;19;78;Visual Feedback;10;3.0;18.0;8.0
1795;19;79;Visual Feedback;11;3.0;14.0;3.0
1796;19;80;Visual Feedback;12;3.0;16.0;4.0
1797;19;81;Visual Feedback;7;3.0;13.0;6.0
1798;19;82;Visual Feedback;7;3.0;18.0;11.0
1799;19;83;Visual Feedback;8;3.0;18.0;10.0
1800;20;-8;Combined Feedback;9;;;
1801;20;-7;Combined Feedback;9;;;
1802;20;-6;Visual Feedback;11;;;
1803;20;-5;Visual Feedback;8;;;
1804;20;-4;Tactile Feedback;10;;;
1805;20;-3;Tactile Feedback;13;;;
1806;20;-2;No Feedback;14;;;
1807;20;-1;No Feedback;13;;;
1808;20;0;Tactile Feedback;10;-4.0;32.0;22.0
1809;20;0;Tactile Feedback;10;-4.0;32.0;22.0
1810;20;0;Tactile Feedback;10;-3.0;32.0;22.0
1811;20;0;Tactile Feedback;10;-3.0;32.0;22.0
1812;20;0;Tactile Feedback;10;-2.0;32.0;22.0
1813;20;0;Tactile Feedback;10;-2.0;32.0;22.0
1814;20;0;Tactile Feedback;10;-1.0;32.0;22.0
1815;20;0;Tactile Feedback;10;-1.0;32.0;22.0
1816;20;0;Tactile Feedback;10;0.0;32.0;22.0
1817;20;1;Tactile Feedback;8;0.0;26.0;18.0
1818;20;2;Tactile Feedback;10;0.0;34.0;24.0
1819;20;3;Tactile Feedback;9;0.0;20.0;11.0
1820;20;4;Tactile Feedback;9;0.0;37.0;28.0
1821;20;5;Tactile Feedback;9;0.0;23.0;14.0
1822;20;6;Tactile Feedback;8;0.0;14.0;6.0
1823;20;7;Tactile Feedback;8;0.0;22.0;14.0
1824;20;8;Tactile Feedback;10;0.0;14.0;4.0
1825;20;9;Tactile Feedback;11;0.0;44.0;33.0
1826;20;10;Tactile Feedback;10;0.0;30.0;20.0
1827;20;11;Tactile Feedback;13;0.0;21.0;8.0
1828;20;12;Tactile Feedback;9;0.0;30.0;21.0
1829;20;13;Tactile Feedback;10;0.0;24.0;14.0
1830;20;14;Tactile Feedback;7;0.0;12.0;5.0
1831;20;15;Tactile Feedback;9;0.0;18.0;9.0
1832;20;16;Tactile Feedback;11;0.0;35.0;24.0
1833;20;17;Tactile Feedback;10;0.0;16.0;6.0
1834;20;18;Tactile Feedback;11;0.0;39.0;28.0
1835;20;19;Tactile Feedback;8;0.0;16.0;8.0
1836;20;20;Tactile Feedback;9;0.0;22.0;13.0
1837;20;21;Visual Feedback;9;1.0;18.0;9.0
1838;20;22;Visual Feedback;9;1.0;12.0;3.0
1839;20;23;Visual Feedback;7;1.0;12.0;5.0
1840;20;24;Visual Feedback;10;1.0;15.0;5.0
1841;20;25;Visual Feedback;10;1.0;12.0;2.0
1842;20;26;Visual Feedback;10;1.0;16.0;6.0
1843;20;27;Visual Feedback;10;1.0;13.0;3.0
1844;20;28;Visual Feedback;10;1.0;22.0;12.0
1845;20;29;Visual Feedback;9;1.0;14.0;5.0
1846;20;30;Visual Feedback;14;1.0;14.0;0.0
1847;20;31;Visual Feedback;8;1.0;14.0;6.0
1848;20;32;Visual Feedback;9;1.0;15.0;6.0
1849;20;33;Visual Feedback;10;1.0;14.0;4.0
1850;20;34;Visual Feedback;7;1.0;13.0;6.0
1851;20;35;Visual Feedback;10;1.0;15.0;5.0
1852;20;36;Visual Feedback;10;1.0;13.0;3.0
1853;20;37;Visual Feedback;8;1.0;16.0;8.0
1854;20;38;Visual Feedback;7;1.0;12.0;5.0
1855;20;39;Visual Feedback;9;1.0;16.0;7.0
1856;20;40;Visual Feedback;8;1.0;14.0;6.0
1857;20;41;Visual Feedback;9;1.0;13.0;4.0
1858;20;42;No Feedback;12;2.0;24.0;12.0
1859;20;43;No Feedback;8;2.0;20.0;12.0
1860;20;44;No Feedback;14;2.0;26.0;12.0
1861;20;45;No Feedback;10;2.0;25.0;15.0
1862;20;46;No Feedback;14;2.0;34.0;20.0
1863;20;47;No Feedback;10;2.0;18.0;8.0
1864;20;48;No Feedback;8;2.0;22.0;14.0
1865;20;49;No Feedback;9;2.0;23.0;14.0
1866;20;50;No Feedback;8;2.0;16.0;8.0
1867;20;51;No Feedback;10;2.0;27.0;17.0
1868;20;52;No Feedback;10;2.0;23.0;13.0
1869;20;53;No Feedback;14;2.0;33.0;19.0
1870;20;54;No Feedback;11;2.0;27.0;16.0
1871;20;55;No Feedback;21;2.0;45.0;24.0
1872;20;56;No Feedback;9;2.0;17.0;8.0
1873;20;57;No Feedback;9;2.0;25.0;16.0
1874;20;58;No Feedback;14;2.0;26.0;12.0
1875;20;59;No Feedback;9;2.0;14.0;5.0
1876;20;60;No Feedback;12;2.0;20.0;8.0
1877;20;61;No Feedback;15;2.0;35.0;20.0
1878;20;62;No Feedback;9;2.0;25.0;16.0
1879;20;63;Combined Feedback;7;3.0;11.0;4.0
1880;20;64;Combined Feedback;9;3.0;20.0;11.0
1881;20;65;Combined Feedback;8;3.0;15.0;7.0
1882;20;66;Combined Feedback;8;3.0;13.0;5.0
1883;20;67;Combined Feedback;9;3.0;20.0;11.0
1884;20;68;Combined Feedback;8;3.0;12.0;4.0
1885;20;69;Combined Feedback;11;3.0;13.0;2.0
1886;20;70;Combined Feedback;11;3.0;14.0;3.0
1887;20;71;Combined Feedback;13;3.0;20.0;7.0
1888;20;72;Combined Feedback;8;3.0;14.0;6.0
1889;20;73;Combined Feedback;9;3.0;21.0;12.0
1890;20;74;Combined Feedback;8;3.0;16.0;8.0
1891;20;75;Combined Feedback;10;3.0;18.0;8.0
1892;20;76;Combined Feedback;11;3.0;22.0;11.0
1893;20;77;Combined Feedback;14;3.0;27.0;13.0
1894;20;78;Combined Feedback;10;3.0;12.0;2.0
1895;20;79;Combined Feedback;17;3.0;28.0;11.0
1896;20;80;Combined Feedback;16;3.0;24.0;8.0
1897;20;81;Combined Feedback;12;3.0;17.0;5.0
1898;20;82;Combined Feedback;8;3.0;19.0;11.0
1899;20;83;Combined Feedback;13;3.0;25.0;12.0
1900;21;-8;Combined Feedback;14;;;
1901;21;-7;Combined Feedback;15;;;
1902;21;-6;Visual Feedback;12;;;
1903;21;-5;Visual Feedback;8;;;
1904;21;-4;Tactile Feedback;14;;;
1905;21;-3;Tactile Feedback;11;;;
1906;21;-2;No Feedback;7;;;
1907;21;-1;No Feedback;6;;;
1908;21;0;Tactile Feedback;7;-4.0;13.0;6.0
1909;21;0;Tactile Feedback;7;-4.0;13.0;6.0
1910;21;0;Tactile Feedback;7;-3.0;13.0;6.0
1911;21;0;Tactile Feedback;7;-3.0;13.0;6.0
1912;21;0;Tactile Feedback;7;-2.0;13.0;6.0
1913;21;0;Tactile Feedback;7;-2.0;13.0;6.0
1914;21;0;Tactile Feedback;7;-1.0;13.0;6.0
1915;21;0;Tactile Feedback;7;-1.0;13.0;6.0
1916;21;0;Tactile Feedback;7;0.0;13.0;6.0
1917;21;1;Tactile Feedback;7;0.0;16.0;9.0
1918;21;2;Tactile Feedback;7;0.0;13.0;6.0
1919;21;3;Tactile Feedback;13;0.0;28.0;15.0
1920;21;4;Tactile Feedback;6;0.0;14.0;8.0
1921;21;5;Tactile Feedback;6;0.0;14.0;8.0
1922;21;6;Tactile Feedback;5;0.0;14.0;9.0
1923;21;7;Tactile Feedback;11;0.0;27.0;16.0
1924;21;8;Tactile Feedback;8;0.0;18.0;10.0
1925;21;9;Tactile Feedback;14;0.0;30.0;16.0
1926;21;10;Tactile Feedback;22;0.0;34.0;12.0
1927;21;11;Tactile Feedback;9;0.0;24.0;15.0
1928;21;12;Tactile Feedback;11;0.0;15.0;4.0
1929;21;13;Tactile Feedback;11;0.0;18.0;7.0
1930;21;14;Tactile Feedback;14;0.0;24.0;10.0
1931;21;15;Tactile Feedback;7;0.0;14.0;7.0
1932;21;16;Tactile Feedback;9;0.0;26.0;17.0
1933;21;17;Tactile Feedback;6;0.0;13.0;7.0
1934;21;18;Tactile Feedback;8;0.0;14.0;6.0
1935;21;19;Tactile Feedback;12;0.0;20.0;8.0
1936;21;20;Tactile Feedback;13;0.0;18.0;5.0
1937;21;21;Combined Feedback;15;1.0;22.0;7.0
1938;21;22;Combined Feedback;11;1.0;35.0;24.0
1939;21;23;Combined Feedback;15;1.0;16.0;1.0
1940;21;24;Combined Feedback;22;1.0;20.0;-2.0
1941;21;25;Combined Feedback;34;1.0;52.0;18.0
1942;21;26;Combined Feedback;10;1.0;13.0;3.0
1943;21;27;Combined Feedback;11;1.0;13.0;2.0
1944;21;28;Combined Feedback;8;1.0;27.0;19.0
1945;21;29;Combined Feedback;10;1.0;26.0;16.0
1946;21;30;Combined Feedback;17;1.0;30.0;13.0
1947;21;31;Combined Feedback;15;1.0;14.0;-1.0
1948;21;32;Combined Feedback;7;1.0;12.0;5.0
1949;21;33;Combined Feedback;7;1.0;12.0;5.0
1950;21;34;Combined Feedback;9;1.0;13.0;4.0
1951;21;35;Combined Feedback;9;1.0;12.0;3.0
1952;21;36;Combined Feedback;7;1.0;13.0;6.0
1953;21;37;Combined Feedback;11;1.0;16.0;5.0
1954;21;38;Combined Feedback;8;1.0;14.0;6.0
1955;21;39;Combined Feedback;8;1.0;12.0;4.0
1956;21;40;Combined Feedback;10;1.0;20.0;10.0
1957;21;41;Combined Feedback;8;1.0;13.0;5.0
1958;21;42;No Feedback;10;2.0;16.0;6.0
1959;21;43;No Feedback;7;2.0;15.0;8.0
1960;21;44;No Feedback;8;2.0;21.0;13.0
1961;21;45;No Feedback;7;2.0;13.0;6.0
1962;21;46;No Feedback;6;2.0;15.0;9.0
1963;21;47;No Feedback;8;2.0;26.0;18.0
1964;21;48;No Feedback;7;2.0;12.0;5.0
1965;21;49;No Feedback;9;2.0;20.0;11.0
1966;21;50;No Feedback;7;2.0;15.0;8.0
1967;21;51;No Feedback;7;2.0;22.0;15.0
1968;21;52;No Feedback;15;2.0;33.0;18.0
1969;21;53;No Feedback;9;2.0;23.0;14.0
1970;21;54;No Feedback;8;2.0;28.0;20.0
1971;21;55;No Feedback;9;2.0;18.0;9.0
1972;21;56;No Feedback;11;2.0;32.0;21.0
1973;21;57;No Feedback;10;2.0;21.0;11.0
1974;21;58;No Feedback;7;2.0;15.0;8.0
1975;21;59;No Feedback;13;2.0;30.0;17.0
1976;21;60;No Feedback;9;2.0;20.0;11.0
1977;21;61;No Feedback;7;2.0;14.0;7.0
1978;21;62;No Feedback;15;2.0;31.0;16.0
1979;21;63;Visual Feedback;11;3.0;13.0;2.0
1980;21;64;Visual Feedback;7;3.0;13.0;6.0
1981;21;65;Visual Feedback;7;3.0;12.0;5.0
1982;21;66;Visual Feedback;8;3.0;14.0;6.0
1983;21;67;Visual Feedback;10;3.0;14.0;4.0
1984;21;68;Visual Feedback;17;3.0;20.0;3.0
1985;21;69;Visual Feedback;7;3.0;12.0;5.0
1986;21;70;Visual Feedback;8;3.0;18.0;10.0
1987;21;71;Visual Feedback;15;3.0;14.0;-1.0
1988;21;72;Visual Feedback;8;3.0;12.0;4.0
1989;21;73;Visual Feedback;7;3.0;15.0;8.0
1990;21;74;Visual Feedback;7;3.0;10.0;3.0
1991;21;75;Visual Feedback;7;3.0;12.0;5.0
1992;21;76;Visual Feedback;7;3.0;13.0;6.0
1993;21;77;Visual Feedback;8;3.0;12.0;4.0
1994;21;78;Visual Feedback;10;3.0;12.0;2.0
1995;21;79;Visual Feedback;7;3.0;12.0;5.0
1996;21;80;Visual Feedback;7;3.0;12.0;5.0
1997;21;81;Visual Feedback;16;3.0;30.0;14.0
1998;21;82;Visual Feedback;7;3.0;12.0;5.0
1999;21;83;Visual Feedback;7;3.0;12.0;5.0
2000;22;-8;Combined Feedback;15;;;
2001;22;-7;Combined Feedback;7;;;
2002;22;-6;Visual Feedback;7;;;
2003;22;-5;Visual Feedback;7;;;
2004;22;-4;Tactile Feedback;18;;;
2005;22;-3;Tactile Feedback;7;;;
2006;22;-2;No Feedback;8;;;
2007;22;-1;No Feedback;7;;;
2008;22;0;No Feedback;7;-4.0;13.0;6.0
2009;22;0;No Feedback;7;-4.0;13.0;6.0
2010;22;0;No Feedback;7;-3.0;13.0;6.0
2011;22;0;No Feedback;7;-3.0;13.0;6.0
2012;22;0;No Feedback;7;-2.0;13.0;6.0
2013;22;0;No Feedback;7;-2.0;13.0;6.0
2014;22;0;No Feedback;7;-1.0;13.0;6.0
2015;22;0;No Feedback;7;-1.0;13.0;6.0
2016;22;0;No Feedback;7;0.0;13.0;6.0
2017;22;1;No Feedback;9;0.0;17.0;8.0
2018;22;2;No Feedback;7;0.0;12.0;5.0
2019;22;3;No Feedback;8;0.0;16.0;8.0
2020;22;4;No Feedback;8;0.0;18.0;10.0
2021;22;5;No Feedback;7;0.0;16.0;9.0
2022;22;6;No Feedback;7;0.0;12.0;5.0
2023;22;7;No Feedback;8;0.0;14.0;6.0
2024;22;8;No Feedback;7;0.0;16.0;9.0
2025;22;9;No Feedback;8;0.0;14.0;6.0
2026;22;10;No Feedback;7;0.0;17.0;10.0
2027;22;11;No Feedback;8;0.0;17.0;9.0
2028;22;12;No Feedback;7;0.0;12.0;5.0
2029;22;13;No Feedback;7;0.0;15.0;8.0
2030;22;14;No Feedback;7;0.0;16.0;9.0
2031;22;15;No Feedback;7;0.0;20.0;13.0
2032;22;16;No Feedback;7;0.0;11.0;4.0
2033;22;17;No Feedback;7;0.0;11.0;4.0
2034;22;18;No Feedback;6;0.0;12.0;6.0
2035;22;19;No Feedback;7;0.0;15.0;8.0
2036;22;20;No Feedback;8;0.0;12.0;4.0
2037;22;21;Tactile Feedback;7;1.0;14.0;7.0
2038;22;22;Tactile Feedback;7;1.0;12.0;5.0
2039;22;23;Tactile Feedback;6;1.0;11.0;5.0
2040;22;24;Tactile Feedback;10;1.0;25.0;15.0
2041;22;25;Tactile Feedback;14;1.0;24.0;10.0
2042;22;26;Tactile Feedback;9;1.0;16.0;7.0
2043;22;27;Tactile Feedback;7;1.0;16.0;9.0
2044;22;28;Tactile Feedback;7;1.0;11.0;4.0
2045;22;29;Tactile Feedback;7;1.0;11.0;4.0
2046;22;30;Tactile Feedback;9;1.0;16.0;7.0
2047;22;31;Tactile Feedback;10;1.0;21.0;11.0
2048;22;32;Tactile Feedback;8;1.0;18.0;10.0
2049;22;33;Tactile Feedback;8;1.0;17.0;9.0
2050;22;34;Tactile Feedback;7;1.0;16.0;9.0
2051;22;35;Tactile Feedback;8;1.0;16.0;8.0
2052;22;36;Tactile Feedback;7;1.0;12.0;5.0
2053;22;37;Tactile Feedback;7;1.0;11.0;4.0
2054;22;38;Tactile Feedback;7;1.0;14.0;7.0
2055;22;39;Tactile Feedback;7;1.0;14.0;7.0
2056;22;40;Tactile Feedback;7;1.0;14.0;7.0
2057;22;41;Tactile Feedback;7;1.0;12.0;5.0
2058;22;42;Combined Feedback;7;2.0;12.0;5.0
2059;22;43;Combined Feedback;7;2.0;12.0;5.0
2060;22;44;Combined Feedback;7;2.0;11.0;4.0
2061;22;45;Combined Feedback;7;2.0;13.0;6.0
2062;22;46;Combined Feedback;8;2.0;18.0;10.0
2063;22;47;Combined Feedback;8;2.0;14.0;6.0
2064;22;48;Combined Feedback;7;2.0;12.0;5.0
2065;22;49;Combined Feedback;7;2.0;10.0;3.0
2066;22;50;Combined Feedback;8;2.0;19.0;11.0
2067;22;51;Combined Feedback;7;2.0;14.0;7.0
2068;22;52;Combined Feedback;10;2.0;13.0;3.0
2069;22;53;Combined Feedback;8;2.0;13.0;5.0
2070;22;54;Combined Feedback;7;2.0;14.0;7.0
2071;22;55;Combined Feedback;7;2.0;14.0;7.0
2072;22;56;Combined Feedback;7;2.0;11.0;4.0
2073;22;57;Combined Feedback;9;2.0;17.0;8.0
2074;22;58;Combined Feedback;9;2.0;15.0;6.0
2075;22;59;Combined Feedback;8;2.0;14.0;6.0
2076;22;60;Combined Feedback;7;2.0;12.0;5.0
2077;22;61;Combined Feedback;8;2.0;14.0;6.0
2078;22;62;Combined Feedback;7;2.0;10.0;3.0
2079;22;63;Visual Feedback;7;3.0;10.0;3.0
2080;22;64;Visual Feedback;7;3.0;10.0;3.0
2081;22;65;Visual Feedback;8;3.0;11.0;3.0
2082;22;66;Visual Feedback;9;3.0;14.0;5.0
2083;22;67;Visual Feedback;7;3.0;9.0;2.0
2084;22;68;Visual Feedback;9;3.0;15.0;6.0
2085;22;69;Visual Feedback;7;3.0;15.0;8.0
2086;22;70;Visual Feedback;7;3.0;12.0;5.0
2087;22;71;Visual Feedback;7;3.0;11.0;4.0
2088;22;72;Visual Feedback;7;3.0;12.0;5.0
2089;22;73;Visual Feedback;7;3.0;10.0;3.0
2090;22;74;Visual Feedback;7;3.0;11.0;4.0
2091;22;75;Visual Feedback;7;3.0;11.0;4.0
2092;22;76;Visual Feedback;7;3.0;12.0;5.0
2093;22;77;Visual Feedback;7;3.0;13.0;6.0
2094;22;78;Visual Feedback;7;3.0;10.0;3.0
2095;22;79;Visual Feedback;7;3.0;12.0;5.0
2096;22;80;Visual Feedback;7;3.0;12.0;5.0
2097;22;81;Visual Feedback;7;3.0;11.0;4.0
2098;22;82;Visual Feedback;7;3.0;12.0;5.0
2099;22;83;Visual Feedback;7;3.0;12.0;5.0
2100;23;-8;Combined Feedback;12;;;
2101;23;-7;Combined Feedback;11;;;
2102;23;-6;Visual Feedback;23;;;
2103;23;-5;Visual Feedback;11;;;
2104;23;-4;Tactile Feedback;12;;;
2105;23;-3;Tactile Feedback;10;;;
2106;23;-2;No Feedback;8;;;
2107;23;-1;No Feedback;7;;;
2108;23;0;Visual Feedback;13;-4.0;21.0;8.0
2109;23;0;Visual Feedback;13;-4.0;21.0;8.0
2110;23;0;Visual Feedback;13;-3.0;21.0;8.0
2111;23;0;Visual Feedback;13;-3.0;21.0;8.0
2112;23;0;Visual Feedback;13;-2.0;21.0;8.0
2113;23;0;Visual Feedback;13;-2.0;21.0;8.0
2114;23;0;Visual Feedback;13;-1.0;21.0;8.0
2115;23;0;Visual Feedback;13;-1.0;21.0;8.0
2116;23;0;Visual Feedback;13;0.0;21.0;8.0
2117;23;1;Visual Feedback;12;0.0;16.0;4.0
2118;23;2;Visual Feedback;8;0.0;22.0;14.0
2119;23;3;Visual Feedback;12;0.0;21.0;9.0
2120;23;4;Visual Feedback;10;0.0;22.0;12.0
2121;23;5;Visual Feedback;10;0.0;13.0;3.0
2122;23;6;Visual Feedback;9;0.0;19.0;10.0
2123;23;7;Visual Feedback;11;0.0;19.0;8.0
2124;23;8;Visual Feedback;17;0.0;23.0;6.0
2125;23;9;Visual Feedback;13;0.0;16.0;3.0
2126;23;10;Visual Feedback;11;0.0;15.0;4.0
2127;23;11;Visual Feedback;8;0.0;22.0;14.0
2128;23;12;Visual Feedback;9;0.0;18.0;9.0
2129;23;13;Visual Feedback;15;0.0;29.0;14.0
2130;23;14;Visual Feedback;10;0.0;28.0;18.0
2131;23;15;Visual Feedback;16;0.0;23.0;7.0
2132;23;16;Visual Feedback;12;0.0;14.0;2.0
2133;23;17;Visual Feedback;7;0.0;13.0;6.0
2134;23;18;Visual Feedback;12;0.0;14.0;2.0
2135;23;19;Visual Feedback;8;0.0;18.0;10.0
2136;23;20;Visual Feedback;12;0.0;22.0;10.0
2137;23;21;Combined Feedback;7;1.0;13.0;6.0
2138;23;22;Combined Feedback;11;1.0;18.0;7.0
2139;23;23;Combined Feedback;9;1.0;12.0;3.0
2140;23;24;Combined Feedback;14;1.0;30.0;16.0
2141;23;25;Combined Feedback;20;1.0;30.0;10.0
2142;23;26;Combined Feedback;9;1.0;19.0;10.0
2143;23;27;Combined Feedback;7;1.0;14.0;7.0
2144;23;28;Combined Feedback;12;1.0;16.0;4.0
2145;23;29;Combined Feedback;12;1.0;17.0;5.0
2146;23;30;Combined Feedback;9;1.0;20.0;11.0
2147;23;31;Combined Feedback;8;1.0;18.0;10.0
2148;23;32;Combined Feedback;9;1.0;12.0;3.0
2149;23;33;Combined Feedback;15;1.0;18.0;3.0
2150;23;34;Combined Feedback;16;1.0;27.0;11.0
2151;23;35;Combined Feedback;9;1.0;13.0;4.0
2152;23;36;Combined Feedback;6;1.0;10.0;4.0
2153;23;37;Combined Feedback;8;1.0;19.0;11.0
2154;23;38;Combined Feedback;5;1.0;10.0;5.0
2155;23;39;Combined Feedback;6;1.0;13.0;7.0
2156;23;40;Combined Feedback;8;1.0;14.0;6.0
2157;23;41;Combined Feedback;9;1.0;12.0;3.0
2158;23;42;Tactile Feedback;13;2.0;25.0;12.0
2159;23;43;Tactile Feedback;6;2.0;15.0;9.0
2160;23;44;Tactile Feedback;6;2.0;17.0;11.0
2161;23;45;Tactile Feedback;11;2.0;15.0;4.0
2162;23;46;Tactile Feedback;8;2.0;14.0;6.0
2163;23;47;Tactile Feedback;9;2.0;12.0;3.0
2164;23;48;Tactile Feedback;7;2.0;20.0;13.0
2165;23;49;Tactile Feedback;9;2.0;16.0;7.0
2166;23;50;Tactile Feedback;9;2.0;36.0;27.0
2167;23;51;Tactile Feedback;3;2.0;9.0;6.0
2168;23;52;Tactile Feedback;9;2.0;28.0;19.0
2169;23;53;Tactile Feedback;8;2.0;15.0;7.0
2170;23;54;Tactile Feedback;12;2.0;20.0;8.0
2171;23;55;Tactile Feedback;9;2.0;17.0;8.0
2172;23;56;Tactile Feedback;9;2.0;38.0;29.0
2173;23;57;Tactile Feedback;4;2.0;20.0;16.0
2174;23;58;Tactile Feedback;7;2.0;29.0;22.0
2175;23;59;Tactile Feedback;6;2.0;16.0;10.0
2176;23;60;Tactile Feedback;7;2.0;13.0;6.0
2177;23;61;Tactile Feedback;8;2.0;15.0;7.0
2178;23;62;Tactile Feedback;7;2.0;14.0;7.0
2179;23;63;No Feedback;2;3.0;3.0;1.0
2180;23;64;No Feedback;6;3.0;9.0;3.0
2181;23;65;No Feedback;12;3.0;28.0;16.0
2182;23;66;No Feedback;3;3.0;6.0;3.0
2183;23;67;No Feedback;8;3.0;18.0;10.0
2184;23;68;No Feedback;5;3.0;16.0;11.0
2185;23;69;No Feedback;9;3.0;19.0;10.0
2186;23;70;No Feedback;5;3.0;9.0;4.0
2187;23;71;No Feedback;8;3.0;24.0;16.0
2188;23;72;No Feedback;10;3.0;34.0;24.0
2189;23;73;No Feedback;7;3.0;13.0;6.0
2190;23;74;No Feedback;6;3.0;13.0;7.0
2191;23;75;No Feedback;9;3.0;17.0;8.0
2192;23;76;No Feedback;8;3.0;44.0;36.0
2193;23;77;No Feedback;10;3.0;23.0;13.0
2194;23;78;No Feedback;10;3.0;24.0;14.0
2195;23;79;No Feedback;7;3.0;21.0;14.0
2196;23;80;No Feedback;9;3.0;18.0;9.0
2197;23;81;No Feedback;13;3.0;26.0;13.0
2198;23;82;No Feedback;6;3.0;27.0;21.0
2199;23;83;No Feedback;7;3.0;13.0;6.0
